tracking_id,file_number,module,source_path,source_line,lean_kind,source_name,fqn,source_header
S01.D001,S01,VennDiagrams.S01_Relations,VennDiagrams/S01_Relations.lean,20,abbrev,StatisticalRelation,VennDiagrams.StatisticalRelation,abbrev StatisticalRelation (ι : Type u) := ι → ι → Prop
S01.D002,S01,VennDiagrams.S01_Relations,VennDiagrams/S01_Relations.lean,23,def,relationUnion,VennDiagrams.relationUnion,def relationUnion {ι : Type u} (D₁ D₂ : StatisticalRelation ι) :
S01.D003,S01,VennDiagrams.S01_Relations,VennDiagrams/S01_Relations.lean,28,def,identityRelation,VennDiagrams.identityRelation,def identityRelation {ι : Type u} : StatisticalRelation ι :=
S01.D004,S01,VennDiagrams.S01_Relations,VennDiagrams/S01_Relations.lean,32,def,equivalenceClosure,VennDiagrams.equivalenceClosure,def equivalenceClosure {ι : Type u} (D : StatisticalRelation ι) :
S01.D005,S01,VennDiagrams.S01_Relations,VennDiagrams/S01_Relations.lean,37,abbrev,Procedure,VennDiagrams.Procedure,abbrev Procedure (ι : Type u) (A : Type v) := Set (ι × A)
S01.D006,S01,VennDiagrams.S01_Relations,VennDiagrams/S01_Relations.lean,40,def,output,VennDiagrams.output,def output {ι : Type u} {A : Type v} (Ev : Procedure ι A) (i : ι) : Set A :=
S01.D007,S01,VennDiagrams.S01_Relations,VennDiagrams/S01_Relations.lean,44,def,graphProcedure,VennDiagrams.graphProcedure,def graphProcedure {ι : Type u} {A : Type v} (f : ι → A) : Procedure ι A :=
S01.D008,S01,VennDiagrams.S01_Relations,VennDiagrams/S01_Relations.lean,48,def,Preserves,VennDiagrams.Preserves,def Preserves {ι : Type u} {A : Type v} (Ev : Procedure ι A)
S01.D009,S01,VennDiagrams.S01_Relations,VennDiagrams/S01_Relations.lean,53,def,preservingClass,VennDiagrams.preservingClass,def preservingClass {ι : Type u} (A : Type v) (D : StatisticalRelation ι) :
S01.D010,S01,VennDiagrams.S01_Relations,VennDiagrams/S01_Relations.lean,58,def,relationClass,VennDiagrams.relationClass,def relationClass {ι : Type u} (D : StatisticalRelation ι) (i : ι) : Set ι :=
S01.R001,S01,VennDiagrams.S01_Relations,VennDiagrams/S01_Relations.lean,61,theorem,output_graphProcedure,VennDiagrams.output_graphProcedure,@[simp] theorem output_graphProcedure {ι : Type u} {A : Type v} (f : ι → A) (i : ι) :
S01.R002,S01,VennDiagrams.S01_Relations,VennDiagrams/S01_Relations.lean,67,theorem,exists_function_of_unique_outputs,VennDiagrams.exists_function_of_unique_outputs,theorem exists_function_of_unique_outputs {ι : Type u} {A : Type v}
S01.R003,S01,VennDiagrams.S01_Relations,VennDiagrams/S01_Relations.lean,85,theorem,graphProcedure_unique_outputs,VennDiagrams.graphProcedure_unique_outputs,theorem graphProcedure_unique_outputs {ι : Type u} {A : Type v} (f : ι → A) :
S01.D011,S01,VennDiagrams.S01_Relations,VennDiagrams/S01_Relations.lean,94,def,constantProcedure,VennDiagrams.constantProcedure,def constantProcedure {ι : Type u} {A : Type v} (a₀ : A) : Procedure ι A :=
S01.R004,S01,VennDiagrams.S01_Relations,VennDiagrams/S01_Relations.lean,97,theorem,output_constantProcedure,VennDiagrams.output_constantProcedure,@[simp] theorem output_constantProcedure {ι : Type u} {A : Type v} (a₀ : A) (i : ι) :
S01.R005,S01,VennDiagrams.S01_Relations,VennDiagrams/S01_Relations.lean,103,theorem,preservingClass_nonempty,VennDiagrams.preservingClass_nonempty,theorem preservingClass_nonempty {ι : Type u} {A : Type v}
S01.R006,S01,VennDiagrams.S01_Relations,VennDiagrams/S01_Relations.lean,110,theorem,preservingClass_antitone,VennDiagrams.preservingClass_antitone,theorem preservingClass_antitone {ι : Type u} {A : Type v}
S01.R007,S01,VennDiagrams.S01_Relations,VennDiagrams/S01_Relations.lean,117,theorem,preserves_union_iff,VennDiagrams.preserves_union_iff,theorem preserves_union_iff {ι : Type u} {A : Type v}
S01.R008,S01,VennDiagrams.S01_Relations,VennDiagrams/S01_Relations.lean,132,theorem,preservingClass_union,VennDiagrams.preservingClass_union,theorem preservingClass_union {ι : Type u} {A : Type v}
S01.R009,S01,VennDiagrams.S01_Relations,VennDiagrams/S01_Relations.lean,140,theorem,relation_le_equivalenceClosure,VennDiagrams.relation_le_equivalenceClosure,theorem relation_le_equivalenceClosure {ι : Type u} (D : StatisticalRelation ι) :
S01.R010,S01,VennDiagrams.S01_Relations,VennDiagrams/S01_Relations.lean,146,theorem,equivalenceClosure_isEquivalence,VennDiagrams.equivalenceClosure_isEquivalence,theorem equivalenceClosure_isEquivalence {ι : Type u} (D : StatisticalRelation ι) :
S01.R011,S01,VennDiagrams.S01_Relations,VennDiagrams/S01_Relations.lean,151,theorem,equivalenceClosure_minimal,VennDiagrams.equivalenceClosure_minimal,theorem equivalenceClosure_minimal {ι : Type u} {D R : StatisticalRelation ι}
S01.R012,S01,VennDiagrams.S01_Relations,VennDiagrams/S01_Relations.lean,162,theorem,equivalenceClosure_eq_zigzagClosure,VennDiagrams.equivalenceClosure_eq_zigzagClosure,theorem equivalenceClosure_eq_zigzagClosure {ι : Type u} (D : StatisticalRelation ι) :
S01.R013,S01,VennDiagrams.S01_Relations,VennDiagrams/S01_Relations.lean,168,theorem,preserves_equivalenceClosure_iff,VennDiagrams.preserves_equivalenceClosure_iff,theorem preserves_equivalenceClosure_iff {ι : Type u} {A : Type v}
S01.R014,S01,VennDiagrams.S01_Relations,VennDiagrams/S01_Relations.lean,182,theorem,preservingClass_equivalenceClosure,VennDiagrams.preservingClass_equivalenceClosure,theorem preservingClass_equivalenceClosure {ι : Type u} {A : Type v}
S01.R015,S01,VennDiagrams.S01_Relations,VennDiagrams/S01_Relations.lean,189,theorem,disjoint_relationClasses_of_not_related,VennDiagrams.disjoint_relationClasses_of_not_related,theorem disjoint_relationClasses_of_not_related {ι : Type u}
S01.R016,S01,VennDiagrams.S01_Relations,VennDiagrams/S01_Relations.lean,197,theorem,not_related_of_disjoint_relationClasses,VennDiagrams.not_related_of_disjoint_relationClasses,theorem not_related_of_disjoint_relationClasses {ι : Type u}
S01.R017,S01,VennDiagrams.S01_Relations,VennDiagrams/S01_Relations.lean,207,theorem,not_related_iff_disjoint_relationClasses,VennDiagrams.not_related_iff_disjoint_relationClasses,theorem not_related_iff_disjoint_relationClasses {ι : Type u}
S01.D012,S01,VennDiagrams.S01_Relations,VennDiagrams/S01_Relations.lean,214,def,classIndicatorProcedure,VennDiagrams.classIndicatorProcedure,def classIndicatorProcedure {ι : Type u} {A : Type v}
S01.R018,S01,VennDiagrams.S01_Relations,VennDiagrams/S01_Relations.lean,219,theorem,classIndicator_preserves,VennDiagrams.classIndicator_preserves,theorem classIndicator_preserves {ι : Type u} {A : Type v}
S01.R019,S01,VennDiagrams.S01_Relations,VennDiagrams/S01_Relations.lean,232,theorem,preservingClass_strict_antitone,VennDiagrams.preservingClass_strict_antitone,theorem preservingClass_strict_antitone {ι : Type u} {A : Type v} [Nonempty A]
S01.R020,S01,VennDiagrams.S01_Relations,VennDiagrams/S01_Relations.lean,255,theorem,equivalenceClosure_le_of_preservingClass_subset,VennDiagrams.equivalenceClosure_le_of_preservingClass_subset,theorem equivalenceClosure_le_of_preservingClass_subset
S01.R021,S01,VennDiagrams.S01_Relations,VennDiagrams/S01_Relations.lean,280,theorem,preservingClass_eq_iff_equivalenceClosure_eq,VennDiagrams.preservingClass_eq_iff_equivalenceClosure_eq,theorem preservingClass_eq_iff_equivalenceClosure_eq
S01.R022,S01,VennDiagrams.S01_Relations,VennDiagrams/S01_Relations.lean,302,theorem,birnbaum_semantics_iff_evans_closure,VennDiagrams.birnbaum_semantics_iff_evans_closure,theorem birnbaum_semantics_iff_evans_closure
S01.R023,S01,VennDiagrams.S01_Relations,VennDiagrams/S01_Relations.lean,314,theorem,conditional_preserving_eq_likelihood_preserving,VennDiagrams.conditional_preserving_eq_likelihood_preserving,theorem conditional_preserving_eq_likelihood_preserving {ι : Type u} {A : Type v}
S01.R024,S01,VennDiagrams.S01_Relations,VennDiagrams/S01_Relations.lean,320,theorem,joint_preserving_eq_likelihood_preserving,VennDiagrams.joint_preserving_eq_likelihood_preserving,theorem joint_preserving_eq_likelihood_preserving {ι : Type u} {A : Type v}
S01.R025,S01,VennDiagrams.S01_Relations,VennDiagrams/S01_Relations.lean,328,theorem,theorem_BT1,VennDiagrams.theorem_BT1,theorem theorem_BT1 {ι : Type u} {A : Type v} [Nonempty A]
S01.R026,S01,VennDiagrams.S01_Relations,VennDiagrams/S01_Relations.lean,343,theorem,corollary_BT2,VennDiagrams.corollary_BT2,theorem corollary_BT2 {ι : Type u} {A : Type v}
S01.R027,S01,VennDiagrams.S01_Relations,VennDiagrams/S01_Relations.lean,353,theorem,corollary_BT3,VennDiagrams.corollary_BT3,theorem corollary_BT3 {ι : Type u} {A : Type v}
S02.D001,S02,VennDiagrams.S02_FiniteExamples,VennDiagrams/S02_FiniteExamples.lean,22,inductive,Parameter,VennDiagrams.FiniteExamples.Parameter,inductive Parameter where
S02.D002,S02,VennDiagrams.S02_FiniteExamples,VennDiagrams/S02_FiniteExamples.lean,28,inductive,BitValue,VennDiagrams.FiniteExamples.BitValue,inductive BitValue where
S02.D003,S02,VennDiagrams.S02_FiniteExamples,VennDiagrams/S02_FiniteExamples.lean,34,def,inducedMass,VennDiagrams.FiniteExamples.inducedMass,def inducedMass {X A : Type*} [Fintype X] [DecidableEq A]
S02.D004,S02,VennDiagrams.S02_FiniteExamples,VennDiagrams/S02_FiniteExamples.lean,39,def,IsMLE,VennDiagrams.FiniteExamples.IsMLE,def IsMLE {X : Type*} (p : Parameter → X → ℚ) (x : X)
S02.D005,S02,VennDiagrams.S02_FiniteExamples,VennDiagrams/S02_FiniteExamples.lean,46,def,likelihoodProportional,VennDiagrams.FiniteExamples.likelihoodProportional,def likelihoodProportional {X : Type*} (p : Parameter → X → ℚ)
S02.D006,S02,VennDiagrams.S02_FiniteExamples,VennDiagrams/S02_FiniteExamples.lean,51,def,crossLikelihoodProportional,VennDiagrams.FiniteExamples.crossLikelihoodProportional,def crossLikelihoodProportional {X Y : Type*}
S02.D007,S02,VennDiagrams.S02_FiniteExamples,VennDiagrams/S02_FiniteExamples.lean,58,def,PositivelyProportional,VennDiagrams.FiniteExamples.PositivelyProportional,def PositivelyProportional {X Y : Type*}
S02.R001,S02,VennDiagrams.S02_FiniteExamples,VennDiagrams/S02_FiniteExamples.lean,65,theorem,crossLikelihoodProportional_iff_positiveScale,VennDiagrams.FiniteExamples.crossLikelihoodProportional_iff_positiveScale,theorem crossLikelihoodProportional_iff_positiveScale {X Y : Type*}
S02.D008,S02,VennDiagrams.S02_FiniteExamples,VennDiagrams/S02_FiniteExamples.lean,84,def,IsAncillary,VennDiagrams.FiniteExamples.IsAncillary,def IsAncillary {X A : Type*} [Fintype X] [DecidableEq A]
S02.D009,S02,VennDiagrams.S02_FiniteExamples,VennDiagrams/S02_FiniteExamples.lean,91,inductive,E0Outcome,VennDiagrams.FiniteExamples.E0Outcome,inductive E0Outcome where
S02.R002,S02,VennDiagrams.S02_FiniteExamples,VennDiagrams/S02_FiniteExamples.lean,98,theorem,sum_E0Outcome,VennDiagrams.FiniteExamples.sum_E0Outcome,@[simp] theorem sum_E0Outcome {R : Type*} [AddCommMonoid R]
S02.D010,S02,VennDiagrams.S02_FiniteExamples,VennDiagrams/S02_FiniteExamples.lean,105,def,e0,VennDiagrams.FiniteExamples.e0,def e0 : Parameter → E0Outcome → ℚ
S02.D011,S02,VennDiagrams.S02_FiniteExamples,VennDiagrams/S02_FiniteExamples.lean,116,def,firstCoordinate,VennDiagrams.FiniteExamples.firstCoordinate,def firstCoordinate : E0Outcome → BitValue
S02.D012,S02,VennDiagrams.S02_FiniteExamples,VennDiagrams/S02_FiniteExamples.lean,121,def,secondCoordinate,VennDiagrams.FiniteExamples.secondCoordinate,def secondCoordinate : E0Outcome → BitValue
S02.D013,S02,VennDiagrams.S02_FiniteExamples,VennDiagrams/S02_FiniteExamples.lean,126,def,e1,VennDiagrams.FiniteExamples.e1,def e1 (theta : Parameter) (x : BitValue) : ℚ :=
S02.D014,S02,VennDiagrams.S02_FiniteExamples,VennDiagrams/S02_FiniteExamples.lean,130,def,e2,VennDiagrams.FiniteExamples.e2,def e2 (theta : Parameter) (x : BitValue) : ℚ :=
S02.D015,S02,VennDiagrams.S02_FiniteExamples,VennDiagrams/S02_FiniteExamples.lean,134,inductive,TOutcome,VennDiagrams.FiniteExamples.TOutcome,inductive TOutcome where
S02.R003,S02,VennDiagrams.S02_FiniteExamples,VennDiagrams/S02_FiniteExamples.lean,140,theorem,sum_TOutcome,VennDiagrams.FiniteExamples.sum_TOutcome,@[simp] theorem sum_TOutcome {R : Type*} [AddCommMonoid R]
S02.D016,S02,VennDiagrams.S02_FiniteExamples,VennDiagrams/S02_FiniteExamples.lean,147,def,totalStatistic,VennDiagrams.FiniteExamples.totalStatistic,def totalStatistic : E0Outcome → TOutcome
S02.D017,S02,VennDiagrams.S02_FiniteExamples,VennDiagrams/S02_FiniteExamples.lean,153,def,eT,VennDiagrams.FiniteExamples.eT,def eT (theta : Parameter) (t : TOutcome) : ℚ :=
S02.D018,S02,VennDiagrams.S02_FiniteExamples,VennDiagrams/S02_FiniteExamples.lean,157,def,mStatistic,VennDiagrams.FiniteExamples.mStatistic,def mStatistic : E0Outcome → BitValue
S02.D019,S02,VennDiagrams.S02_FiniteExamples,VennDiagrams/S02_FiniteExamples.lean,162,def,mTStatistic,VennDiagrams.FiniteExamples.mTStatistic,def mTStatistic : TOutcome → BitValue
S02.D020,S02,VennDiagrams.S02_FiniteExamples,VennDiagrams/S02_FiniteExamples.lean,167,def,eM,VennDiagrams.FiniteExamples.eM,def eM (theta : Parameter) (m : BitValue) : ℚ :=
S02.D021,S02,VennDiagrams.S02_FiniteExamples,VennDiagrams/S02_FiniteExamples.lean,171,def,eMT,VennDiagrams.FiniteExamples.eMT,def eMT (theta : Parameter) (m : BitValue) : ℚ :=
S02.R004,S02,VennDiagrams.S02_FiniteExamples,VennDiagrams/S02_FiniteExamples.lean,174,theorem,e0_probability_table,VennDiagrams.FiniteExamples.e0_probability_table,theorem e0_probability_table :
S02.R005,S02,VennDiagrams.S02_FiniteExamples,VennDiagrams/S02_FiniteExamples.lean,181,theorem,e0_normalized,VennDiagrams.FiniteExamples.e0_normalized,"theorem e0_normalized (theta : Parameter) : ∑ x, e0 theta x = 1 := by"
S02.R006,S02,VennDiagrams.S02_FiniteExamples,VennDiagrams/S02_FiniteExamples.lean,184,theorem,e0_strictly_positive,VennDiagrams.FiniteExamples.e0_strictly_positive,theorem e0_strictly_positive (theta : Parameter) (x : E0Outcome) :
S02.R007,S02,VennDiagrams.S02_FiniteExamples,VennDiagrams/S02_FiniteExamples.lean,188,theorem,e1_probability_table,VennDiagrams.FiniteExamples.e1_probability_table,theorem e1_probability_table :
S02.R008,S02,VennDiagrams.S02_FiniteExamples,VennDiagrams/S02_FiniteExamples.lean,193,theorem,e2_probability_table,VennDiagrams.FiniteExamples.e2_probability_table,theorem e2_probability_table :
S02.R009,S02,VennDiagrams.S02_FiniteExamples,VennDiagrams/S02_FiniteExamples.lean,198,theorem,e1_e2_uniform,VennDiagrams.FiniteExamples.e1_e2_uniform,theorem e1_e2_uniform (theta : Parameter) (x : BitValue) :
S02.R010,S02,VennDiagrams.S02_FiniteExamples,VennDiagrams/S02_FiniteExamples.lean,203,theorem,marginal_models_normalized,VennDiagrams.FiniteExamples.marginal_models_normalized,theorem marginal_models_normalized (theta : Parameter) :
S02.R011,S02,VennDiagrams.S02_FiniteExamples,VennDiagrams/S02_FiniteExamples.lean,209,theorem,eT_probability_table,VennDiagrams.FiniteExamples.eT_probability_table,theorem eT_probability_table :
S02.R012,S02,VennDiagrams.S02_FiniteExamples,VennDiagrams/S02_FiniteExamples.lean,215,theorem,eT_normalized,VennDiagrams.FiniteExamples.eT_normalized,"theorem eT_normalized (theta : Parameter) : ∑ t, eT theta t = 1 := by"
S02.R013,S02,VennDiagrams.S02_FiniteExamples,VennDiagrams/S02_FiniteExamples.lean,218,theorem,induced_m_models_table,VennDiagrams.FiniteExamples.induced_m_models_table,theorem induced_m_models_table :
S02.R014,S02,VennDiagrams.S02_FiniteExamples,VennDiagrams/S02_FiniteExamples.lean,226,theorem,induced_m_models_coincide,VennDiagrams.FiniteExamples.induced_m_models_coincide,theorem induced_m_models_coincide (theta : Parameter) (m : BitValue) :
S02.R015,S02,VennDiagrams.S02_FiniteExamples,VennDiagrams/S02_FiniteExamples.lean,232,theorem,induced_m_models_normalized,VennDiagrams.FiniteExamples.induced_m_models_normalized,theorem induced_m_models_normalized (theta : Parameter) :
S02.R016,S02,VennDiagrams.S02_FiniteExamples,VennDiagrams/S02_FiniteExamples.lean,239,theorem,mStatistic_minimal_sufficient_criterion,VennDiagrams.FiniteExamples.mStatistic_minimal_sufficient_criterion,theorem mStatistic_minimal_sufficient_criterion (x y : E0Outcome) :
S02.R017,S02,VennDiagrams.S02_FiniteExamples,VennDiagrams/S02_FiniteExamples.lean,244,theorem,mTStatistic_minimal_sufficient_criterion,VennDiagrams.FiniteExamples.mTStatistic_minimal_sufficient_criterion,theorem mTStatistic_minimal_sufficient_criterion (x y : TOutcome) :
S02.D022,S02,VennDiagrams.S02_FiniteExamples,VennDiagrams/S02_FiniteExamples.lean,251,def,e0MLE,VennDiagrams.FiniteExamples.e0MLE,def e0MLE : E0Outcome → Parameter
S02.D023,S02,VennDiagrams.S02_FiniteExamples,VennDiagrams/S02_FiniteExamples.lean,256,def,eTMLE,VennDiagrams.FiniteExamples.eTMLE,def eTMLE : TOutcome → Parameter
S02.R018,S02,VennDiagrams.S02_FiniteExamples,VennDiagrams/S02_FiniteExamples.lean,260,theorem,e0_mle_characterization,VennDiagrams.FiniteExamples.e0_mle_characterization,theorem e0_mle_characterization (x : E0Outcome) (theta : Parameter) :
S02.R019,S02,VennDiagrams.S02_FiniteExamples,VennDiagrams/S02_FiniteExamples.lean,264,theorem,eT_mle_characterization,VennDiagrams.FiniteExamples.eT_mle_characterization,theorem eT_mle_characterization (t : TOutcome) (theta : Parameter) :
S02.R020,S02,VennDiagrams.S02_FiniteExamples,VennDiagrams/S02_FiniteExamples.lean,270,theorem,e1_all_parameters_are_mles,VennDiagrams.FiniteExamples.e1_all_parameters_are_mles,theorem e1_all_parameters_are_mles (x : BitValue) (theta : Parameter) :
S02.R021,S02,VennDiagrams.S02_FiniteExamples,VennDiagrams/S02_FiniteExamples.lean,276,theorem,e2_all_parameters_are_mles,VennDiagrams.FiniteExamples.e2_all_parameters_are_mles,theorem e2_all_parameters_are_mles (x : BitValue) (theta : Parameter) :
S02.R022,S02,VennDiagrams.S02_FiniteExamples,VennDiagrams/S02_FiniteExamples.lean,281,theorem,displayed_e0_and_eT_mle_values,VennDiagrams.FiniteExamples.displayed_e0_and_eT_mle_values,theorem displayed_e0_and_eT_mle_values :
S02.R023,S02,VennDiagrams.S02_FiniteExamples,VennDiagrams/S02_FiniteExamples.lean,287,theorem,e0_mle_induced_table,VennDiagrams.FiniteExamples.e0_mle_induced_table,theorem e0_mle_induced_table :
S02.R024,S02,VennDiagrams.S02_FiniteExamples,VennDiagrams/S02_FiniteExamples.lean,294,theorem,eT_mle_induced_table,VennDiagrams.FiniteExamples.eT_mle_induced_table,theorem eT_mle_induced_table :
S02.R025,S02,VennDiagrams.S02_FiniteExamples,VennDiagrams/S02_FiniteExamples.lean,301,theorem,e0_eT_mle_laws_coincide,VennDiagrams.FiniteExamples.e0_eT_mle_laws_coincide,theorem e0_eT_mle_laws_coincide (theta eta : Parameter) :
S02.D024,S02,VennDiagrams.S02_FiniteExamples,VennDiagrams/S02_FiniteExamples.lean,309,def,e0GivenU0,VennDiagrams.FiniteExamples.e0GivenU0,def e0GivenU0 (theta : Parameter) (x : E0Outcome) : ℚ :=
S02.D025,S02,VennDiagrams.S02_FiniteExamples,VennDiagrams/S02_FiniteExamples.lean,313,def,e0GivenV0,VennDiagrams.FiniteExamples.e0GivenV0,def e0GivenV0 (theta : Parameter) (x : E0Outcome) : ℚ :=
S02.D026,S02,VennDiagrams.S02_FiniteExamples,VennDiagrams/S02_FiniteExamples.lean,317,def,e0GivenV1,VennDiagrams.FiniteExamples.e0GivenV1,def e0GivenV1 (theta : Parameter) (x : E0Outcome) : ℚ :=
S02.R026,S02,VennDiagrams.S02_FiniteExamples,VennDiagrams/S02_FiniteExamples.lean,320,theorem,firstCoordinate_ancillary,VennDiagrams.FiniteExamples.firstCoordinate_ancillary,theorem firstCoordinate_ancillary : IsAncillary e0 firstCoordinate := by
S02.R027,S02,VennDiagrams.S02_FiniteExamples,VennDiagrams/S02_FiniteExamples.lean,324,theorem,secondCoordinate_ancillary,VennDiagrams.FiniteExamples.secondCoordinate_ancillary,theorem secondCoordinate_ancillary : IsAncillary e0 secondCoordinate := by
S02.R028,S02,VennDiagrams.S02_FiniteExamples,VennDiagrams/S02_FiniteExamples.lean,328,theorem,coordinate_masses_are_half,VennDiagrams.FiniteExamples.coordinate_masses_are_half,theorem coordinate_masses_are_half (theta : Parameter) (x : BitValue) :
S02.R029,S02,VennDiagrams.S02_FiniteExamples,VennDiagrams/S02_FiniteExamples.lean,334,theorem,conditional_v_table,VennDiagrams.FiniteExamples.conditional_v_table,theorem conditional_v_table :
S02.R030,S02,VennDiagrams.S02_FiniteExamples,VennDiagrams/S02_FiniteExamples.lean,346,theorem,conditional_u0_v0_table,VennDiagrams.FiniteExamples.conditional_u0_v0_table,theorem conditional_u0_v0_table :
S02.R031,S02,VennDiagrams.S02_FiniteExamples,VennDiagrams/S02_FiniteExamples.lean,358,theorem,conditional_models_normalized,VennDiagrams.FiniteExamples.conditional_models_normalized,theorem conditional_models_normalized (theta : Parameter) :
S02.R032,S02,VennDiagrams.S02_FiniteExamples,VennDiagrams/S02_FiniteExamples.lean,366,theorem,conditional_u0_observed_mle,VennDiagrams.FiniteExamples.conditional_u0_observed_mle,theorem conditional_u0_observed_mle :
S02.R033,S02,VennDiagrams.S02_FiniteExamples,VennDiagrams/S02_FiniteExamples.lean,370,theorem,conditional_u0_mle_induced_table,VennDiagrams.FiniteExamples.conditional_u0_mle_induced_table,theorem conditional_u0_mle_induced_table :
S02.R034,S02,VennDiagrams.S02_FiniteExamples,VennDiagrams/S02_FiniteExamples.lean,377,theorem,e0_conditional_u0_mle_laws_coincide,VennDiagrams.FiniteExamples.e0_conditional_u0_mle_laws_coincide,theorem e0_conditional_u0_mle_laws_coincide (theta eta : Parameter) :
S02.R035,S02,VennDiagrams.S02_FiniteExamples,VennDiagrams/S02_FiniteExamples.lean,383,theorem,conditional_u0_v0_observed_likelihoods_equal,VennDiagrams.FiniteExamples.conditional_u0_v0_observed_likelihoods_equal,theorem conditional_u0_v0_observed_likelihoods_equal (theta : Parameter) :
S02.D027,S02,VennDiagrams.S02_FiniteExamples,VennDiagrams/S02_FiniteExamples.lean,392,def,conditionedModel,VennDiagrams.FiniteExamples.conditionedModel,def conditionedModel {X A : Type*} [Fintype X] [DecidableEq A]
S02.R036,S02,VennDiagrams.S02_FiniteExamples,VennDiagrams/S02_FiniteExamples.lean,401,theorem,ancillary_e0GivenU0_constant_on_effective_support,VennDiagrams.FiniteExamples.ancillary_e0GivenU0_constant_on_effective_support,theorem ancillary_e0GivenU0_constant_on_effective_support
S02.R037,S02,VennDiagrams.S02_FiniteExamples,VennDiagrams/S02_FiniteExamples.lean,412,theorem,ancillary_e0GivenV0_constant_on_effective_support,VennDiagrams.FiniteExamples.ancillary_e0GivenV0_constant_on_effective_support,theorem ancillary_e0GivenV0_constant_on_effective_support
S02.R038,S02,VennDiagrams.S02_FiniteExamples,VennDiagrams/S02_FiniteExamples.lean,422,theorem,ancillary_e0GivenU0_iff_constant_on_effective_support,VennDiagrams.FiniteExamples.ancillary_e0GivenU0_iff_constant_on_effective_support,theorem ancillary_e0GivenU0_iff_constant_on_effective_support
S02.R039,S02,VennDiagrams.S02_FiniteExamples,VennDiagrams/S02_FiniteExamples.lean,435,theorem,ancillary_e0GivenV0_iff_constant_on_effective_support,VennDiagrams.FiniteExamples.ancillary_e0GivenV0_iff_constant_on_effective_support,theorem ancillary_e0GivenV0_iff_constant_on_effective_support
S02.D028,S02,VennDiagrams.S02_FiniteExamples,VennDiagrams/S02_FiniteExamples.lean,450,def,DirectConditioning,VennDiagrams.FiniteExamples.DirectConditioning,def DirectConditioning {X : Type*} [Fintype X]
S02.R040,S02,VennDiagrams.S02_FiniteExamples,VennDiagrams/S02_FiniteExamples.lean,456,theorem,joint_directly_conditions_to_u0,VennDiagrams.FiniteExamples.joint_directly_conditions_to_u0,theorem joint_directly_conditions_to_u0 : DirectConditioning e0 e0GivenU0 := by
S02.R041,S02,VennDiagrams.S02_FiniteExamples,VennDiagrams/S02_FiniteExamples.lean,464,theorem,joint_directly_conditions_to_v0,VennDiagrams.FiniteExamples.joint_directly_conditions_to_v0,theorem joint_directly_conditions_to_v0 : DirectConditioning e0 e0GivenV0 := by
S02.R042,S02,VennDiagrams.S02_FiniteExamples,VennDiagrams/S02_FiniteExamples.lean,474,theorem,no_direct_conditioning_u0_to_v0,VennDiagrams.FiniteExamples.no_direct_conditioning_u0_to_v0,theorem no_direct_conditioning_u0_to_v0 :
S02.R043,S02,VennDiagrams.S02_FiniteExamples,VennDiagrams/S02_FiniteExamples.lean,483,theorem,no_direct_conditioning_v0_to_u0,VennDiagrams.FiniteExamples.no_direct_conditioning_v0_to_u0,theorem no_direct_conditioning_v0_to_u0 :
S02.D029,S02,VennDiagrams.S02_FiniteExamples,VennDiagrams/S02_FiniteExamples.lean,493,inductive,ConditionalModelLabel,VennDiagrams.FiniteExamples.ConditionalModelLabel,inductive ConditionalModelLabel where
S02.D030,S02,VennDiagrams.S02_FiniteExamples,VennDiagrams/S02_FiniteExamples.lean,499,def,conditionalFamily,VennDiagrams.FiniteExamples.conditionalFamily,def conditionalFamily : ConditionalModelLabel → Parameter → E0Outcome → ℚ
S02.D031,S02,VennDiagrams.S02_FiniteExamples,VennDiagrams/S02_FiniteExamples.lean,505,def,concreteConditionality,VennDiagrams.FiniteExamples.concreteConditionality,def concreteConditionality : StatisticalRelation ConditionalModelLabel :=
S02.R044,S02,VennDiagrams.S02_FiniteExamples,VennDiagrams/S02_FiniteExamples.lean,509,theorem,conditionality_nontransitivity_witness,VennDiagrams.FiniteExamples.conditionality_nontransitivity_witness,theorem conditionality_nontransitivity_witness :
S02.R045,S02,VennDiagrams.S02_FiniteExamples,VennDiagrams/S02_FiniteExamples.lean,522,theorem,concreteConditionality_not_transitive,VennDiagrams.FiniteExamples.concreteConditionality_not_transitive,theorem concreteConditionality_not_transitive :
S02.D032,S02,VennDiagrams.S02_FiniteExamples,VennDiagrams/S02_FiniteExamples.lean,532,inductive,E3Outcome,VennDiagrams.FiniteExamples.E3Outcome,inductive E3Outcome where
S02.R046,S02,VennDiagrams.S02_FiniteExamples,VennDiagrams/S02_FiniteExamples.lean,538,theorem,sum_E3Outcome,VennDiagrams.FiniteExamples.sum_E3Outcome,@[simp] theorem sum_E3Outcome {R : Type*} [AddCommMonoid R]
S02.D033,S02,VennDiagrams.S02_FiniteExamples,VennDiagrams/S02_FiniteExamples.lean,544,inductive,E4Outcome,VennDiagrams.FiniteExamples.E4Outcome,inductive E4Outcome where
S02.R047,S02,VennDiagrams.S02_FiniteExamples,VennDiagrams/S02_FiniteExamples.lean,549,theorem,sum_E4Outcome,VennDiagrams.FiniteExamples.sum_E4Outcome,@[simp] theorem sum_E4Outcome {R : Type*} [AddCommMonoid R]
S02.D034,S02,VennDiagrams.S02_FiniteExamples,VennDiagrams/S02_FiniteExamples.lean,555,inductive,EStarOutcome,VennDiagrams.FiniteExamples.EStarOutcome,inductive EStarOutcome where
S02.R048,S02,VennDiagrams.S02_FiniteExamples,VennDiagrams/S02_FiniteExamples.lean,563,theorem,sum_EStarOutcome,VennDiagrams.FiniteExamples.sum_EStarOutcome,@[simp] theorem sum_EStarOutcome {R : Type*} [AddCommMonoid R]
S02.D035,S02,VennDiagrams.S02_FiniteExamples,VennDiagrams/S02_FiniteExamples.lean,570,def,e3,VennDiagrams.FiniteExamples.e3,def e3 : Parameter → E3Outcome → ℚ
S02.D036,S02,VennDiagrams.S02_FiniteExamples,VennDiagrams/S02_FiniteExamples.lean,578,def,e4,VennDiagrams.FiniteExamples.e4,def e4 : Parameter → E4Outcome → ℚ
S02.D037,S02,VennDiagrams.S02_FiniteExamples,VennDiagrams/S02_FiniteExamples.lean,585,def,eStar,VennDiagrams.FiniteExamples.eStar,def eStar : Parameter → EStarOutcome → ℚ
S02.D038,S02,VennDiagrams.S02_FiniteExamples,VennDiagrams/S02_FiniteExamples.lean,592,def,selector,VennDiagrams.FiniteExamples.selector,def selector : EStarOutcome → BitValue
S02.D039,S02,VennDiagrams.S02_FiniteExamples,VennDiagrams/S02_FiniteExamples.lean,596,def,embedE3,VennDiagrams.FiniteExamples.embedE3,def embedE3 : E3Outcome → EStarOutcome
S02.D040,S02,VennDiagrams.S02_FiniteExamples,VennDiagrams/S02_FiniteExamples.lean,601,def,embedE4,VennDiagrams.FiniteExamples.embedE4,def embedE4 : E4Outcome → EStarOutcome
S02.R049,S02,VennDiagrams.S02_FiniteExamples,VennDiagrams/S02_FiniteExamples.lean,605,theorem,e3_probability_table,VennDiagrams.FiniteExamples.e3_probability_table,theorem e3_probability_table :
S02.R050,S02,VennDiagrams.S02_FiniteExamples,VennDiagrams/S02_FiniteExamples.lean,611,theorem,e4_probability_table,VennDiagrams.FiniteExamples.e4_probability_table,theorem e4_probability_table :
S02.R051,S02,VennDiagrams.S02_FiniteExamples,VennDiagrams/S02_FiniteExamples.lean,616,theorem,eStar_probability_table,VennDiagrams.FiniteExamples.eStar_probability_table,theorem eStar_probability_table :
S02.R052,S02,VennDiagrams.S02_FiniteExamples,VennDiagrams/S02_FiniteExamples.lean,624,theorem,hierarchical_models_normalized,VennDiagrams.FiniteExamples.hierarchical_models_normalized,theorem hierarchical_models_normalized (theta : Parameter) :
S02.R053,S02,VennDiagrams.S02_FiniteExamples,VennDiagrams/S02_FiniteExamples.lean,629,theorem,hierarchical_models_strictly_positive,VennDiagrams.FiniteExamples.hierarchical_models_strictly_positive,theorem hierarchical_models_strictly_positive :
S02.R054,S02,VennDiagrams.S02_FiniteExamples,VennDiagrams/S02_FiniteExamples.lean,641,theorem,selector_mass_table,VennDiagrams.FiniteExamples.selector_mass_table,theorem selector_mass_table (theta : Parameter) (u : BitValue) :
S02.R055,S02,VennDiagrams.S02_FiniteExamples,VennDiagrams/S02_FiniteExamples.lean,646,theorem,selector_ancillary,VennDiagrams.FiniteExamples.selector_ancillary,theorem selector_ancillary : IsAncillary eStar selector := by
S02.R056,S02,VennDiagrams.S02_FiniteExamples,VennDiagrams/S02_FiniteExamples.lean,651,theorem,condition_on_selector_zero_is_e3,VennDiagrams.FiniteExamples.condition_on_selector_zero_is_e3,theorem condition_on_selector_zero_is_e3 (theta : Parameter) (x : E3Outcome) :
S02.R057,S02,VennDiagrams.S02_FiniteExamples,VennDiagrams/S02_FiniteExamples.lean,657,theorem,condition_on_selector_one_is_e4,VennDiagrams.FiniteExamples.condition_on_selector_one_is_e4,theorem condition_on_selector_one_is_e4 (theta : Parameter) (x : E4Outcome) :
S02.D041,S02,VennDiagrams.S02_FiniteExamples,VennDiagrams/S02_FiniteExamples.lean,662,def,e3MLE,VennDiagrams.FiniteExamples.e3MLE,def e3MLE : E3Outcome → Parameter
S02.D042,S02,VennDiagrams.S02_FiniteExamples,VennDiagrams/S02_FiniteExamples.lean,666,def,e4MLE,VennDiagrams.FiniteExamples.e4MLE,def e4MLE : E4Outcome → Parameter
S02.D043,S02,VennDiagrams.S02_FiniteExamples,VennDiagrams/S02_FiniteExamples.lean,670,def,eStarMLE,VennDiagrams.FiniteExamples.eStarMLE,def eStarMLE : EStarOutcome → Parameter
S02.R058,S02,VennDiagrams.S02_FiniteExamples,VennDiagrams/S02_FiniteExamples.lean,674,theorem,e3_mle_characterization,VennDiagrams.FiniteExamples.e3_mle_characterization,theorem e3_mle_characterization (x : E3Outcome) (theta : Parameter) :
S02.R059,S02,VennDiagrams.S02_FiniteExamples,VennDiagrams/S02_FiniteExamples.lean,678,theorem,e4_mle_characterization,VennDiagrams.FiniteExamples.e4_mle_characterization,theorem e4_mle_characterization (x : E4Outcome) (theta : Parameter) :
S02.R060,S02,VennDiagrams.S02_FiniteExamples,VennDiagrams/S02_FiniteExamples.lean,682,theorem,eStar_mle_characterization,VennDiagrams.FiniteExamples.eStar_mle_characterization,theorem eStar_mle_characterization (x : EStarOutcome) (theta : Parameter) :
S02.R061,S02,VennDiagrams.S02_FiniteExamples,VennDiagrams/S02_FiniteExamples.lean,687,theorem,hierarchical_observed_mles,VennDiagrams.FiniteExamples.hierarchical_observed_mles,theorem hierarchical_observed_mles :
S02.R062,S02,VennDiagrams.S02_FiniteExamples,VennDiagrams/S02_FiniteExamples.lean,691,theorem,e3_mle_induced_table,VennDiagrams.FiniteExamples.e3_mle_induced_table,theorem e3_mle_induced_table :
S02.R063,S02,VennDiagrams.S02_FiniteExamples,VennDiagrams/S02_FiniteExamples.lean,698,theorem,e4_mle_induced_table,VennDiagrams.FiniteExamples.e4_mle_induced_table,theorem e4_mle_induced_table :
S02.R064,S02,VennDiagrams.S02_FiniteExamples,VennDiagrams/S02_FiniteExamples.lean,705,theorem,eStar_mle_induced_table,VennDiagrams.FiniteExamples.eStar_mle_induced_table,theorem eStar_mle_induced_table :
S02.R065,S02,VennDiagrams.S02_FiniteExamples,VennDiagrams/S02_FiniteExamples.lean,712,theorem,hierarchical_mle_laws_differ,VennDiagrams.FiniteExamples.hierarchical_mle_laws_differ,theorem hierarchical_mle_laws_differ :
S02.D044,S02,VennDiagrams.S02_FiniteExamples,VennDiagrams/S02_FiniteExamples.lean,719,inductive,E0MinimalClass,VennDiagrams.FiniteExamples.E0MinimalClass,inductive E0MinimalClass where
S02.D045,S02,VennDiagrams.S02_FiniteExamples,VennDiagrams/S02_FiniteExamples.lean,724,def,e0MinimalClass,VennDiagrams.FiniteExamples.e0MinimalClass,def e0MinimalClass : E0Outcome → E0MinimalClass
S02.R066,S02,VennDiagrams.S02_FiniteExamples,VennDiagrams/S02_FiniteExamples.lean,728,theorem,e0_proportional_iff_same_minimal_class,VennDiagrams.FiniteExamples.e0_proportional_iff_same_minimal_class,theorem e0_proportional_iff_same_minimal_class (x y : E0Outcome) :
S02.R067,S02,VennDiagrams.S02_FiniteExamples,VennDiagrams/S02_FiniteExamples.lean,733,theorem,e0_positive_scale_iff_same_minimal_class,VennDiagrams.FiniteExamples.e0_positive_scale_iff_same_minimal_class,theorem e0_positive_scale_iff_same_minimal_class (x y : E0Outcome) :
S02.R068,S02,VennDiagrams.S02_FiniteExamples,VennDiagrams/S02_FiniteExamples.lean,739,theorem,pA_likelihoods_proportional,VennDiagrams.FiniteExamples.pA_likelihoods_proportional,theorem pA_likelihoods_proportional : likelihoodProportional e0 .x00 .x11 := by
S02.R069,S02,VennDiagrams.S02_FiniteExamples,VennDiagrams/S02_FiniteExamples.lean,742,theorem,pA_statistic_values_equal,VennDiagrams.FiniteExamples.pA_statistic_values_equal,theorem pA_statistic_values_equal : mStatistic .x00 = mStatistic .x11 := by
S02.R070,S02,VennDiagrams.S02_FiniteExamples,VennDiagrams/S02_FiniteExamples.lean,745,theorem,e0_minimal_partition_has_two_classes,VennDiagrams.FiniteExamples.e0_minimal_partition_has_two_classes,theorem e0_minimal_partition_has_two_classes :
S02.R071,S02,VennDiagrams.S02_FiniteExamples,VennDiagrams/S02_FiniteExamples.lean,749,theorem,e0_minimal_partition_fibers,VennDiagrams.FiniteExamples.e0_minimal_partition_fibers,theorem e0_minimal_partition_fibers :
S02.D046,S02,VennDiagrams.S02_FiniteExamples,VennDiagrams/S02_FiniteExamples.lean,754,inductive,E3MinimalClass,VennDiagrams.FiniteExamples.E3MinimalClass,inductive E3MinimalClass where
S02.D047,S02,VennDiagrams.S02_FiniteExamples,VennDiagrams/S02_FiniteExamples.lean,759,def,e3MinimalClass,VennDiagrams.FiniteExamples.e3MinimalClass,def e3MinimalClass : E3Outcome → E3MinimalClass
S02.D048,S02,VennDiagrams.S02_FiniteExamples,VennDiagrams/S02_FiniteExamples.lean,763,inductive,EStarMinimalClass,VennDiagrams.FiniteExamples.EStarMinimalClass,inductive EStarMinimalClass where
S02.D049,S02,VennDiagrams.S02_FiniteExamples,VennDiagrams/S02_FiniteExamples.lean,770,def,eStarMinimalClass,VennDiagrams.FiniteExamples.eStarMinimalClass,def eStarMinimalClass : EStarOutcome → EStarMinimalClass
S02.R072,S02,VennDiagrams.S02_FiniteExamples,VennDiagrams/S02_FiniteExamples.lean,776,theorem,e3_proportional_iff_same_minimal_class,VennDiagrams.FiniteExamples.e3_proportional_iff_same_minimal_class,theorem e3_proportional_iff_same_minimal_class (x y : E3Outcome) :
S02.R073,S02,VennDiagrams.S02_FiniteExamples,VennDiagrams/S02_FiniteExamples.lean,781,theorem,eStar_proportional_iff_same_minimal_class,VennDiagrams.FiniteExamples.eStar_proportional_iff_same_minimal_class,theorem eStar_proportional_iff_same_minimal_class (x y : EStarOutcome) :
S02.R074,S02,VennDiagrams.S02_FiniteExamples,VennDiagrams/S02_FiniteExamples.lean,786,theorem,e3_positive_scale_iff_same_minimal_class,VennDiagrams.FiniteExamples.e3_positive_scale_iff_same_minimal_class,theorem e3_positive_scale_iff_same_minimal_class (x y : E3Outcome) :
S02.R075,S02,VennDiagrams.S02_FiniteExamples,VennDiagrams/S02_FiniteExamples.lean,793,theorem,eStar_positive_scale_iff_same_minimal_class,VennDiagrams.FiniteExamples.eStar_positive_scale_iff_same_minimal_class,theorem eStar_positive_scale_iff_same_minimal_class (x y : EStarOutcome) :
S02.R076,S02,VennDiagrams.S02_FiniteExamples,VennDiagrams/S02_FiniteExamples.lean,801,theorem,e3_minimal_partition_has_two_classes,VennDiagrams.FiniteExamples.e3_minimal_partition_has_two_classes,theorem e3_minimal_partition_has_two_classes :
S02.R077,S02,VennDiagrams.S02_FiniteExamples,VennDiagrams/S02_FiniteExamples.lean,805,theorem,eStar_minimal_partition_has_four_classes,VennDiagrams.FiniteExamples.eStar_minimal_partition_has_four_classes,theorem eStar_minimal_partition_has_four_classes :
S02.R078,S02,VennDiagrams.S02_FiniteExamples,VennDiagrams/S02_FiniteExamples.lean,809,theorem,e3_minimal_partition_fibers,VennDiagrams.FiniteExamples.e3_minimal_partition_fibers,theorem e3_minimal_partition_fibers :
S02.R079,S02,VennDiagrams.S02_FiniteExamples,VennDiagrams/S02_FiniteExamples.lean,814,theorem,eStar_minimal_partition_fibers,VennDiagrams.FiniteExamples.eStar_minimal_partition_fibers,theorem eStar_minimal_partition_fibers :
S02.R080,S02,VennDiagrams.S02_FiniteExamples,VennDiagrams/S02_FiniteExamples.lean,821,theorem,pB_likelihoods_proportional,VennDiagrams.FiniteExamples.pB_likelihoods_proportional,theorem pB_likelihoods_proportional :
S02.R081,S02,VennDiagrams.S02_FiniteExamples,VennDiagrams/S02_FiniteExamples.lean,825,theorem,pB_exact_half_scaling,VennDiagrams.FiniteExamples.pB_exact_half_scaling,theorem pB_exact_half_scaling (theta : Parameter) :
S02.R082,S02,VennDiagrams.S02_FiniteExamples,VennDiagrams/S02_FiniteExamples.lean,829,theorem,pB_positive_proportionality,VennDiagrams.FiniteExamples.pB_positive_proportionality,theorem pB_positive_proportionality :
S02.R083,S02,VennDiagrams.S02_FiniteExamples,VennDiagrams/S02_FiniteExamples.lean,836,theorem,pB_minimal_partition_counts_differ,VennDiagrams.FiniteExamples.pB_minimal_partition_counts_differ,theorem pB_minimal_partition_counts_differ :
S02.R084,S02,VennDiagrams.S02_FiniteExamples,VennDiagrams/S02_FiniteExamples.lean,840,theorem,no_bijection_between_pB_minimal_partitions,VennDiagrams.FiniteExamples.no_bijection_between_pB_minimal_partitions,theorem no_bijection_between_pB_minimal_partitions :
S02.D050,S02,VennDiagrams.S02_FiniteExamples,VennDiagrams/S02_FiniteExamples.lean,850,inductive,E5Outcome,VennDiagrams.FiniteExamples.E5Outcome,inductive E5Outcome where
S02.R085,S02,VennDiagrams.S02_FiniteExamples,VennDiagrams/S02_FiniteExamples.lean,855,theorem,sum_E5Outcome,VennDiagrams.FiniteExamples.sum_E5Outcome,@[simp] theorem sum_E5Outcome {R : Type*} [AddCommMonoid R]
S02.D051,S02,VennDiagrams.S02_FiniteExamples,VennDiagrams/S02_FiniteExamples.lean,861,inductive,E6Outcome,VennDiagrams.FiniteExamples.E6Outcome,inductive E6Outcome where
S02.R086,S02,VennDiagrams.S02_FiniteExamples,VennDiagrams/S02_FiniteExamples.lean,866,theorem,sum_E6Outcome,VennDiagrams.FiniteExamples.sum_E6Outcome,@[simp] theorem sum_E6Outcome {R : Type*} [AddCommMonoid R]
S02.D052,S02,VennDiagrams.S02_FiniteExamples,VennDiagrams/S02_FiniteExamples.lean,872,def,e5,VennDiagrams.FiniteExamples.e5,def e5 : Parameter → E5Outcome → ℚ
S02.D053,S02,VennDiagrams.S02_FiniteExamples,VennDiagrams/S02_FiniteExamples.lean,878,def,e6,VennDiagrams.FiniteExamples.e6,def e6 : Parameter → E6Outcome → ℚ
S02.D054,S02,VennDiagrams.S02_FiniteExamples,VennDiagrams/S02_FiniteExamples.lean,885,def,lr5,VennDiagrams.FiniteExamples.lr5,def lr5 (z : E5Outcome) : ℚ := e5 .one z / e5 .two z
S02.D055,S02,VennDiagrams.S02_FiniteExamples,VennDiagrams/S02_FiniteExamples.lean,888,def,lr6,VennDiagrams.FiniteExamples.lr6,def lr6 (z : E6Outcome) : ℚ := e6 .one z / e6 .two z
S02.D056,S02,VennDiagrams.S02_FiniteExamples,VennDiagrams/S02_FiniteExamples.lean,890,def,lrRegion5,VennDiagrams.FiniteExamples.lrRegion5,def lrRegion5 (z : E5Outcome) : Finset E5Outcome :=
S02.D057,S02,VennDiagrams.S02_FiniteExamples,VennDiagrams/S02_FiniteExamples.lean,893,def,lrRegion6,VennDiagrams.FiniteExamples.lrRegion6,def lrRegion6 (z : E6Outcome) : Finset E6Outcome :=
S02.D058,S02,VennDiagrams.S02_FiniteExamples,VennDiagrams/S02_FiniteExamples.lean,897,def,pValue5,VennDiagrams.FiniteExamples.pValue5,"def pValue5 (z : E5Outcome) : ℚ := ∑ w ∈ lrRegion5 z, e5 .one w"
S02.D059,S02,VennDiagrams.S02_FiniteExamples,VennDiagrams/S02_FiniteExamples.lean,900,def,pValue6,VennDiagrams.FiniteExamples.pValue6,"def pValue6 (z : E6Outcome) : ℚ := ∑ w ∈ lrRegion6 z, e6 .one w"
S02.R087,S02,VennDiagrams.S02_FiniteExamples,VennDiagrams/S02_FiniteExamples.lean,902,theorem,e5_e6_probability_tables,VennDiagrams.FiniteExamples.e5_e6_probability_tables,theorem e5_e6_probability_tables :
S02.R088,S02,VennDiagrams.S02_FiniteExamples,VennDiagrams/S02_FiniteExamples.lean,909,theorem,e5_e6_normalized,VennDiagrams.FiniteExamples.e5_e6_normalized,theorem e5_e6_normalized (theta : Parameter) :
S02.R089,S02,VennDiagrams.S02_FiniteExamples,VennDiagrams/S02_FiniteExamples.lean,913,theorem,e5_e6_strictly_positive,VennDiagrams.FiniteExamples.e5_e6_strictly_positive,theorem e5_e6_strictly_positive :
S02.R090,S02,VennDiagrams.S02_FiniteExamples,VennDiagrams/S02_FiniteExamples.lean,917,theorem,observed_e6_likelihood_is_twice_e5,VennDiagrams.FiniteExamples.observed_e6_likelihood_is_twice_e5,theorem observed_e6_likelihood_is_twice_e5 (theta : Parameter) :
S02.R091,S02,VennDiagrams.S02_FiniteExamples,VennDiagrams/S02_FiniteExamples.lean,921,theorem,observed_e5_e6_likelihoods_proportional,VennDiagrams.FiniteExamples.observed_e5_e6_likelihoods_proportional,theorem observed_e5_e6_likelihoods_proportional :
S02.R092,S02,VennDiagrams.S02_FiniteExamples,VennDiagrams/S02_FiniteExamples.lean,925,theorem,observed_e5_e6_positive_proportionality,VennDiagrams.FiniteExamples.observed_e5_e6_positive_proportionality,theorem observed_e5_e6_positive_proportionality :
S02.R093,S02,VennDiagrams.S02_FiniteExamples,VennDiagrams/S02_FiniteExamples.lean,932,theorem,e5_likelihood_ratios,VennDiagrams.FiniteExamples.e5_likelihood_ratios,theorem e5_likelihood_ratios : lr5 .x = 1 / 2 ∧ lr5 .y = 9 / 8 := by
S02.R094,S02,VennDiagrams.S02_FiniteExamples,VennDiagrams/S02_FiniteExamples.lean,935,theorem,e6_likelihood_ratios,VennDiagrams.FiniteExamples.e6_likelihood_ratios,theorem e6_likelihood_ratios : lr6 .u = 1 / 2 ∧ lr6 .v = 4 / 3 := by
S02.R095,S02,VennDiagrams.S02_FiniteExamples,VennDiagrams/S02_FiniteExamples.lean,938,theorem,e5_lr_ordering,VennDiagrams.FiniteExamples.e5_lr_ordering,theorem e5_lr_ordering : lr5 .x < lr5 .y := by
S02.R096,S02,VennDiagrams.S02_FiniteExamples,VennDiagrams/S02_FiniteExamples.lean,941,theorem,e6_lr_ordering,VennDiagrams.FiniteExamples.e6_lr_ordering,theorem e6_lr_ordering : lr6 .u < lr6 .v := by
S02.R097,S02,VennDiagrams.S02_FiniteExamples,VennDiagrams/S02_FiniteExamples.lean,944,theorem,e5_observed_lr_region,VennDiagrams.FiniteExamples.e5_observed_lr_region,theorem e5_observed_lr_region : lrRegion5 .x = {.x} := by
S02.R098,S02,VennDiagrams.S02_FiniteExamples,VennDiagrams/S02_FiniteExamples.lean,948,theorem,e6_observed_lr_region,VennDiagrams.FiniteExamples.e6_observed_lr_region,theorem e6_observed_lr_region : lrRegion6 .u = {.u} := by
S02.R099,S02,VennDiagrams.S02_FiniteExamples,VennDiagrams/S02_FiniteExamples.lean,952,theorem,exact_lr_p_values,VennDiagrams.FiniteExamples.exact_lr_p_values,theorem exact_lr_p_values :
S02.R100,S02,VennDiagrams.S02_FiniteExamples,VennDiagrams/S02_FiniteExamples.lean,956,theorem,proportional_likelihoods_but_different_p_values,VennDiagrams.FiniteExamples.proportional_likelihoods_but_different_p_values,theorem proportional_likelihoods_but_different_p_values :
S02.D060,S02,VennDiagrams.S02_FiniteExamples,VennDiagrams/S02_FiniteExamples.lean,967,inductive,InitialInferenceBase,VennDiagrams.FiniteExamples.InitialInferenceBase,inductive InitialInferenceBase where
S02.D061,S02,VennDiagrams.S02_FiniteExamples,VennDiagrams/S02_FiniteExamples.lean,975,def,initialLikelihood,VennDiagrams.FiniteExamples.initialLikelihood,def initialLikelihood : Parameter → InitialInferenceBase → ℚ
S02.R101,S02,VennDiagrams.S02_FiniteExamples,VennDiagrams/S02_FiniteExamples.lean,981,theorem,initialLikelihood_strictly_positive,VennDiagrams.FiniteExamples.initialLikelihood_strictly_positive,theorem initialLikelihood_strictly_positive
S02.D062,S02,VennDiagrams.S02_FiniteExamples,VennDiagrams/S02_FiniteExamples.lean,994,def,initialLikelihoodRelation,VennDiagrams.FiniteExamples.initialLikelihoodRelation,def initialLikelihoodRelation : StatisticalRelation InitialInferenceBase :=
S02.R102,S02,VennDiagrams.S02_FiniteExamples,VennDiagrams/S02_FiniteExamples.lean,997,theorem,initial_L_e0_x00_eT_t0,VennDiagrams.FiniteExamples.initial_L_e0_x00_eT_t0,theorem initial_L_e0_x00_eT_t0 :
S02.R103,S02,VennDiagrams.S02_FiniteExamples,VennDiagrams/S02_FiniteExamples.lean,1004,theorem,initial_L_e0_x11_eT_t2,VennDiagrams.FiniteExamples.initial_L_e0_x11_eT_t2,theorem initial_L_e0_x11_eT_t2 :
S02.R104,S02,VennDiagrams.S02_FiniteExamples,VennDiagrams/S02_FiniteExamples.lean,1011,theorem,initial_L_e1_b0_e2_b0,VennDiagrams.FiniteExamples.initial_L_e1_b0_e2_b0,theorem initial_L_e1_b0_e2_b0 :
S02.R105,S02,VennDiagrams.S02_FiniteExamples,VennDiagrams/S02_FiniteExamples.lean,1019,theorem,initial_L_e1_b1_e2_b1,VennDiagrams.FiniteExamples.initial_L_e1_b1_e2_b1,theorem initial_L_e1_b1_e2_b1 :
S02.R106,S02,VennDiagrams.S02_FiniteExamples,VennDiagrams/S02_FiniteExamples.lean,1027,theorem,initial_L_e1_b0_e2_b1,VennDiagrams.FiniteExamples.initial_L_e1_b0_e2_b1,theorem initial_L_e1_b0_e2_b1 :
S02.R107,S02,VennDiagrams.S02_FiniteExamples,VennDiagrams/S02_FiniteExamples.lean,1035,theorem,initial_L_e1_b1_e2_b0,VennDiagrams.FiniteExamples.initial_L_e1_b1_e2_b0,theorem initial_L_e1_b1_e2_b0 :
S02.R108,S02,VennDiagrams.S02_FiniteExamples,VennDiagrams/S02_FiniteExamples.lean,1043,theorem,six_listed_initial_L_memberships,VennDiagrams.FiniteExamples.six_listed_initial_L_memberships,theorem six_listed_initial_L_memberships :
S02.D063,S02,VennDiagrams.S02_FiniteExamples,VennDiagrams/S02_FiniteExamples.lean,1057,structure,CommonMinimalCodeWitness,VennDiagrams.FiniteExamples.CommonMinimalCodeWitness,structure CommonMinimalCodeWitness {X Y : Type*} [Fintype X] [Fintype Y]
S02.D064,S02,VennDiagrams.S02_FiniteExamples,VennDiagrams/S02_FiniteExamples.lean,1069,def,CommonCodeSufficiency,VennDiagrams.FiniteExamples.CommonCodeSufficiency,def CommonCodeSufficiency {X Y : Type*} [Fintype X] [Fintype Y]
S02.R109,S02,VennDiagrams.S02_FiniteExamples,VennDiagrams/S02_FiniteExamples.lean,1073,theorem,e0_e0_commonCodeSufficiency_of_m_eq,VennDiagrams.FiniteExamples.e0_e0_commonCodeSufficiency_of_m_eq,theorem e0_e0_commonCodeSufficiency_of_m_eq {x y : E0Outcome}
S02.R110,S02,VennDiagrams.S02_FiniteExamples,VennDiagrams/S02_FiniteExamples.lean,1086,theorem,e0_eT_commonCodeSufficiency_of_m_eq,VennDiagrams.FiniteExamples.e0_eT_commonCodeSufficiency_of_m_eq,theorem e0_eT_commonCodeSufficiency_of_m_eq {x : E0Outcome} {t : TOutcome}
S02.R111,S02,VennDiagrams.S02_FiniteExamples,VennDiagrams/S02_FiniteExamples.lean,1098,theorem,eT_e0_commonCodeSufficiency_of_m_eq,VennDiagrams.FiniteExamples.eT_e0_commonCodeSufficiency_of_m_eq,theorem eT_e0_commonCodeSufficiency_of_m_eq {t : TOutcome} {x : E0Outcome}
S02.D065,S02,VennDiagrams.S02_FiniteExamples,VennDiagrams/S02_FiniteExamples.lean,1114,def,initialSufficiencyRelation,VennDiagrams.FiniteExamples.initialSufficiencyRelation,def initialSufficiencyRelation : StatisticalRelation InitialInferenceBase
S02.R112,S02,VennDiagrams.S02_FiniteExamples,VennDiagrams/S02_FiniteExamples.lean,1121,theorem,initial_S_e0_x00_eT_t0,VennDiagrams.FiniteExamples.initial_S_e0_x00_eT_t0,theorem initial_S_e0_x00_eT_t0 :
S02.R113,S02,VennDiagrams.S02_FiniteExamples,VennDiagrams/S02_FiniteExamples.lean,1125,theorem,initial_S_e0_x11_eT_t2,VennDiagrams.FiniteExamples.initial_S_e0_x11_eT_t2,theorem initial_S_e0_x11_eT_t2 :
S02.R114,S02,VennDiagrams.S02_FiniteExamples,VennDiagrams/S02_FiniteExamples.lean,1129,theorem,initial_S_e0_x01_eT_t1,VennDiagrams.FiniteExamples.initial_S_e0_x01_eT_t1,theorem initial_S_e0_x01_eT_t1 :
S02.R115,S02,VennDiagrams.S02_FiniteExamples,VennDiagrams/S02_FiniteExamples.lean,1133,theorem,initial_S_e0_x10_eT_t1,VennDiagrams.FiniteExamples.initial_S_e0_x10_eT_t1,theorem initial_S_e0_x10_eT_t1 :
S02.R116,S02,VennDiagrams.S02_FiniteExamples,VennDiagrams/S02_FiniteExamples.lean,1137,theorem,initial_S_e0_x00_e0_x11,VennDiagrams.FiniteExamples.initial_S_e0_x00_e0_x11,theorem initial_S_e0_x00_e0_x11 :
S02.R117,S02,VennDiagrams.S02_FiniteExamples,VennDiagrams/S02_FiniteExamples.lean,1141,theorem,initial_S_e0_x01_e0_x10,VennDiagrams.FiniteExamples.initial_S_e0_x01_e0_x10,theorem initial_S_e0_x01_e0_x10 :
S02.R118,S02,VennDiagrams.S02_FiniteExamples,VennDiagrams/S02_FiniteExamples.lean,1145,theorem,six_listed_initial_S_memberships,VennDiagrams.FiniteExamples.six_listed_initial_S_memberships,theorem six_listed_initial_S_memberships :
S02.D066,S02,VennDiagrams.S02_FiniteExamples,VennDiagrams/S02_FiniteExamples.lean,1161,structure,MinimalPartitionWitness,VennDiagrams.FiniteExamples.MinimalPartitionWitness,structure MinimalPartitionWitness
S02.D067,S02,VennDiagrams.S02_FiniteExamples,VennDiagrams/S02_FiniteExamples.lean,1176,def,MinimalPartitionSufficiency,VennDiagrams.FiniteExamples.MinimalPartitionSufficiency,def MinimalPartitionSufficiency
S02.D068,S02,VennDiagrams.S02_FiniteExamples,VennDiagrams/S02_FiniteExamples.lean,1185,inductive,ComparisonInferenceBase,VennDiagrams.FiniteExamples.ComparisonInferenceBase,inductive ComparisonInferenceBase where
S02.D069,S02,VennDiagrams.S02_FiniteExamples,VennDiagrams/S02_FiniteExamples.lean,1193,def,comparisonSufficiency,VennDiagrams.FiniteExamples.comparisonSufficiency,def comparisonSufficiency : StatisticalRelation ComparisonInferenceBase
S02.D070,S02,VennDiagrams.S02_FiniteExamples,VennDiagrams/S02_FiniteExamples.lean,1211,def,OrdinarySameExperimentConditionality,VennDiagrams.FiniteExamples.OrdinarySameExperimentConditionality,def OrdinarySameExperimentConditionality {X : Type*} [Fintype X]
S02.D071,S02,VennDiagrams.S02_FiniteExamples,VennDiagrams/S02_FiniteExamples.lean,1216,def,StarE3Conditionality,VennDiagrams.FiniteExamples.StarE3Conditionality,def StarE3Conditionality (s : EStarOutcome) (x : E3Outcome) : Prop :=
S02.D072,S02,VennDiagrams.S02_FiniteExamples,VennDiagrams/S02_FiniteExamples.lean,1225,def,comparisonConditionality,VennDiagrams.FiniteExamples.comparisonConditionality,def comparisonConditionality : StatisticalRelation ComparisonInferenceBase
S02.D073,S02,VennDiagrams.S02_FiniteExamples,VennDiagrams/S02_FiniteExamples.lean,1233,def,pA,VennDiagrams.FiniteExamples.pA,def pA : ComparisonInferenceBase × ComparisonInferenceBase :=
S02.D074,S02,VennDiagrams.S02_FiniteExamples,VennDiagrams/S02_FiniteExamples.lean,1236,def,pB,VennDiagrams.FiniteExamples.pB,def pB : ComparisonInferenceBase × ComparisonInferenceBase :=
S02.R119,S02,VennDiagrams.S02_FiniteExamples,VennDiagrams/S02_FiniteExamples.lean,1239,theorem,pA_in_comparisonSufficiency,VennDiagrams.FiniteExamples.pA_in_comparisonSufficiency,theorem pA_in_comparisonSufficiency : comparisonSufficiency pA.1 pA.2 := by
S02.R120,S02,VennDiagrams.S02_FiniteExamples,VennDiagrams/S02_FiniteExamples.lean,1249,theorem,pA_not_in_comparisonConditionality,VennDiagrams.FiniteExamples.pA_not_in_comparisonConditionality,theorem pA_not_in_comparisonConditionality :
S02.R121,S02,VennDiagrams.S02_FiniteExamples,VennDiagrams/S02_FiniteExamples.lean,1254,theorem,pA_in_S_diff_C,VennDiagrams.FiniteExamples.pA_in_S_diff_C,theorem pA_in_S_diff_C :
S02.R122,S02,VennDiagrams.S02_FiniteExamples,VennDiagrams/S02_FiniteExamples.lean,1259,theorem,pB_in_comparisonConditionality,VennDiagrams.FiniteExamples.pB_in_comparisonConditionality,theorem pB_in_comparisonConditionality : comparisonConditionality pB.1 pB.2 := by
S02.R123,S02,VennDiagrams.S02_FiniteExamples,VennDiagrams/S02_FiniteExamples.lean,1270,theorem,pB_not_in_comparisonSufficiency,VennDiagrams.FiniteExamples.pB_not_in_comparisonSufficiency,theorem pB_not_in_comparisonSufficiency :
S02.R124,S02,VennDiagrams.S02_FiniteExamples,VennDiagrams/S02_FiniteExamples.lean,1275,theorem,pB_in_C_diff_S,VennDiagrams.FiniteExamples.pB_in_C_diff_S,theorem pB_in_C_diff_S :
S03.D001,S03,VennDiagrams.S03_LikelihoodProcedures,VennDiagrams/S03_LikelihoodProcedures.lean,21,def,Proportional,VennDiagrams.Proportional,def Proportional {Θ : Type u} (f g : Θ → ℝ) : Prop :=
S03.R001,S03,VennDiagrams.S03_LikelihoodProcedures,VennDiagrams/S03_LikelihoodProcedures.lean,24,theorem,proportional_refl,VennDiagrams.proportional_refl,theorem proportional_refl {Θ : Type u} (f : Θ → ℝ) : Proportional f f := by
S03.R002,S03,VennDiagrams.S03_LikelihoodProcedures,VennDiagrams/S03_LikelihoodProcedures.lean,29,theorem,proportional_symm,VennDiagrams.proportional_symm,theorem proportional_symm {Θ : Type u} {f g : Θ → ℝ}
S03.R003,S03,VennDiagrams.S03_LikelihoodProcedures,VennDiagrams/S03_LikelihoodProcedures.lean,37,theorem,proportional_trans,VennDiagrams.proportional_trans,theorem proportional_trans {Θ : Type u} {f g h : Θ → ℝ}
S03.D002,S03,VennDiagrams.S03_LikelihoodProcedures,VennDiagrams/S03_LikelihoodProcedures.lean,48,def,likelihoodRelation,VennDiagrams.likelihoodRelation,def likelihoodRelation {ι : Type u} {Θ : Type v} (likelihood : ι → Θ → ℝ) :
S03.R004,S03,VennDiagrams.S03_LikelihoodProcedures,VennDiagrams/S03_LikelihoodProcedures.lean,52,theorem,likelihoodRelation_isEquivalence,VennDiagrams.likelihoodRelation_isEquivalence,theorem likelihoodRelation_isEquivalence {ι : Type u} {Θ : Type v}
S03.D003,S03,VennDiagrams.S03_LikelihoodProcedures,VennDiagrams/S03_LikelihoodProcedures.lean,63,def,maximizerSet,VennDiagrams.maximizerSet,def maximizerSet {Θ : Type u} (f : Θ → ℝ) : Set Θ :=
S03.R005,S03,VennDiagrams.S03_LikelihoodProcedures,VennDiagrams/S03_LikelihoodProcedures.lean,66,theorem,maximizerSet_eq_of_proportional,VennDiagrams.maximizerSet_eq_of_proportional,theorem maximizerSet_eq_of_proportional {Θ : Type u} {f g : Θ → ℝ}
S03.D004,S03,VennDiagrams.S03_LikelihoodProcedures,VennDiagrams/S03_LikelihoodProcedures.lean,78,def,maximumLikelihoodProcedure,VennDiagrams.maximumLikelihoodProcedure,def maximumLikelihoodProcedure {ι : Type u} {Θ : Type v}
S03.R006,S03,VennDiagrams.S03_LikelihoodProcedures,VennDiagrams/S03_LikelihoodProcedures.lean,83,theorem,maximumLikelihoodProcedure_preserves_likelihood,VennDiagrams.maximumLikelihoodProcedure_preserves_likelihood,theorem maximumLikelihoodProcedure_preserves_likelihood
S03.D005,S03,VennDiagrams.S03_LikelihoodProcedures,VennDiagrams/S03_LikelihoodProcedures.lean,91,def,posteriorNormalizer,VennDiagrams.posteriorNormalizer,def posteriorNormalizer {Θ : Type u} [Fintype Θ]
S03.D006,S03,VennDiagrams.S03_LikelihoodProcedures,VennDiagrams/S03_LikelihoodProcedures.lean,96,def,posteriorMass,VennDiagrams.posteriorMass,noncomputable def posteriorMass {Θ : Type u} [Fintype Θ]
S03.D007,S03,VennDiagrams.S03_LikelihoodProcedures,VennDiagrams/S03_LikelihoodProcedures.lean,101,def,posteriorProbability,VennDiagrams.posteriorProbability,noncomputable def posteriorProbability {Θ : Type u} [Fintype Θ]
S03.R007,S03,VennDiagrams.S03_LikelihoodProcedures,VennDiagrams/S03_LikelihoodProcedures.lean,105,theorem,posteriorNormalizer_eq_of_proportional,VennDiagrams.posteriorNormalizer_eq_of_proportional,theorem posteriorNormalizer_eq_of_proportional {Θ : Type u} [Fintype Θ]
S03.R008,S03,VennDiagrams.S03_LikelihoodProcedures,VennDiagrams/S03_LikelihoodProcedures.lean,115,theorem,posteriorMass_eq_of_proportional,VennDiagrams.posteriorMass_eq_of_proportional,theorem posteriorMass_eq_of_proportional {Θ : Type u} [Fintype Θ]
S03.R009,S03,VennDiagrams.S03_LikelihoodProcedures,VennDiagrams/S03_LikelihoodProcedures.lean,124,theorem,posteriorProbability_eq_of_proportional,VennDiagrams.posteriorProbability_eq_of_proportional,theorem posteriorProbability_eq_of_proportional {Θ : Type u} [Fintype Θ]
S03.D008,S03,VennDiagrams.S03_LikelihoodProcedures,VennDiagrams/S03_LikelihoodProcedures.lean,134,def,posteriorProcedure,VennDiagrams.posteriorProcedure,noncomputable def posteriorProcedure {ι : Type u} {Θ : Type v} [Fintype Θ]
S03.R010,S03,VennDiagrams.S03_LikelihoodProcedures,VennDiagrams/S03_LikelihoodProcedures.lean,139,theorem,posteriorProcedure_preserves_likelihood,VennDiagrams.posteriorProcedure_preserves_likelihood,theorem posteriorProcedure_preserves_likelihood
S03.D009,S03,VennDiagrams.S03_LikelihoodProcedures,VennDiagrams/S03_LikelihoodProcedures.lean,149,def,positiveRay,VennDiagrams.positiveRay,def positiveRay {Θ : Type u} (f : Θ → ℝ) : Set (Θ → ℝ) :=
S03.R011,S03,VennDiagrams.S03_LikelihoodProcedures,VennDiagrams/S03_LikelihoodProcedures.lean,152,theorem,positiveRay_eq_of_proportional,VennDiagrams.positiveRay_eq_of_proportional,theorem positiveRay_eq_of_proportional {Θ : Type u} {f g : Θ → ℝ}
S03.D010,S03,VennDiagrams.S03_LikelihoodProcedures,VennDiagrams/S03_LikelihoodProcedures.lean,170,def,bayesianInformationProcedure,VennDiagrams.bayesianInformationProcedure,def bayesianInformationProcedure {ι : Type u} {Θ : Type v} {PriorType : Type*}
S03.R012,S03,VennDiagrams.S03_LikelihoodProcedures,VennDiagrams/S03_LikelihoodProcedures.lean,175,theorem,bayesianInformationProcedure_preserves_likelihood,VennDiagrams.bayesianInformationProcedure_preserves_likelihood,theorem bayesianInformationProcedure_preserves_likelihood
S03.R013,S03,VennDiagrams.S03_LikelihoodProcedures,VennDiagrams/S03_LikelihoodProcedures.lean,186,theorem,conditional_factorization_implies_likelihood,VennDiagrams.conditional_factorization_implies_likelihood,theorem conditional_factorization_implies_likelihood
S04.D001,S04,VennDiagrams.S04_StatisticalPrimitives,VennDiagrams/S04_StatisticalPrimitives.lean,29,structure,FiniteModel,VennDiagrams.FiniteModel,structure FiniteModel (Theta : Type u) (X : Type v)
S04.R001,S04,VennDiagrams.S04_StatisticalPrimitives,VennDiagrams/S04_StatisticalPrimitives.lean,37,theorem,finiteProbabilityMeasures_eq_iff_singletonPMF,VennDiagrams.finiteProbabilityMeasures_eq_iff_singletonPMF,theorem finiteProbabilityMeasures_eq_iff_singletonPMF
S04.D002,S04,VennDiagrams.S04_StatisticalPrimitives,VennDiagrams/S04_StatisticalPrimitives.lean,49,def,effectiveSupport,VennDiagrams.effectiveSupport,def effectiveSupport (E : FiniteModel Theta X) : Set X :=
S04.R002,S04,VennDiagrams.S04_StatisticalPrimitives,VennDiagrams/S04_StatisticalPrimitives.lean,52,theorem,mem_effectiveSupport_iff,VennDiagrams.mem_effectiveSupport_iff,@[simp] theorem mem_effectiveSupport_iff (E : FiniteModel Theta X) (x : X) :
S04.R003,S04,VennDiagrams.S04_StatisticalPrimitives,VennDiagrams/S04_StatisticalPrimitives.lean,57,theorem,effectiveSupport_nonempty,VennDiagrams.effectiveSupport_nonempty,theorem effectiveSupport_nonempty (E : FiniteModel Theta X) :
S04.D003,S04,VennDiagrams.S04_StatisticalPrimitives,VennDiagrams/S04_StatisticalPrimitives.lean,73,abbrev,InferenceBase,VennDiagrams.InferenceBase,abbrev InferenceBase (E : FiniteModel Theta X) :=
S04.D004,S04,VennDiagrams.S04_StatisticalPrimitives,VennDiagrams/S04_StatisticalPrimitives.lean,77,instance,inferenceBaseNonempty,VennDiagrams.inferenceBaseNonempty,noncomputable instance inferenceBaseNonempty (E : FiniteModel Theta X) :
S04.D005,S04,VennDiagrams.S04_StatisticalPrimitives,VennDiagrams/S04_StatisticalPrimitives.lean,83,structure,FiniteInferenceBase,VennDiagrams.FiniteInferenceBase,structure FiniteInferenceBase (Theta : Type u) (X : Type v)
S04.D006,S04,VennDiagrams.S04_StatisticalPrimitives,VennDiagrams/S04_StatisticalPrimitives.lean,92,def,likelihood,VennDiagrams.FiniteInferenceBase.likelihood,def likelihood (I : FiniteInferenceBase Theta X) : Theta → ℝ :=
S04.R004,S04,VennDiagrams.S04_StatisticalPrimitives,VennDiagrams/S04_StatisticalPrimitives.lean,95,theorem,exists_likelihood_pos,VennDiagrams.FiniteInferenceBase.exists_likelihood_pos,theorem exists_likelihood_pos (I : FiniteInferenceBase Theta X) :
S04.D007,S04,VennDiagrams.S04_StatisticalPrimitives,VennDiagrams/S04_StatisticalPrimitives.lean,106,def,inducedPMF,VennDiagrams.inducedPMF,noncomputable def inducedPMF (E : FiniteModel Theta X) (T : X → Y)
S04.R005,S04,VennDiagrams.S04_StatisticalPrimitives,VennDiagrams/S04_StatisticalPrimitives.lean,112,theorem,inducedPMF_nonneg,VennDiagrams.inducedPMF_nonneg,theorem inducedPMF_nonneg (E : FiniteModel Theta X) (T : X → Y)
S04.R006,S04,VennDiagrams.S04_StatisticalPrimitives,VennDiagrams/S04_StatisticalPrimitives.lean,119,theorem,inducedPMF_sum_one,VennDiagrams.inducedPMF_sum_one,theorem inducedPMF_sum_one [Fintype Y] (E : FiniteModel Theta X) (T : X → Y)
S04.D008,S04,VennDiagrams.S04_StatisticalPrimitives,VennDiagrams/S04_StatisticalPrimitives.lean,126,def,inducedModel,VennDiagrams.inducedModel,noncomputable def inducedModel [Fintype Y] [Nonempty Y]
S04.D009,S04,VennDiagrams.S04_StatisticalPrimitives,VennDiagrams/S04_StatisticalPrimitives.lean,135,def,Ancillary,VennDiagrams.Ancillary,def Ancillary (E : FiniteModel Theta X) (A : X → Y) : Prop :=
S04.R007,S04,VennDiagrams.S04_StatisticalPrimitives,VennDiagrams/S04_StatisticalPrimitives.lean,138,theorem,ancillary_iff_exists_common_pmf,VennDiagrams.ancillary_iff_exists_common_pmf,theorem ancillary_iff_exists_common_pmf (E : FiniteModel Theta X) (A : X → Y) :
S04.R008,S04,VennDiagrams.S04_StatisticalPrimitives,VennDiagrams/S04_StatisticalPrimitives.lean,148,theorem,inducedPMF_const_eq,VennDiagrams.inducedPMF_const_eq,theorem inducedPMF_const_eq (E : FiniteModel Theta X) (a0 a : Y) (theta : Theta)
S04.R009,S04,VennDiagrams.S04_StatisticalPrimitives,VennDiagrams/S04_StatisticalPrimitives.lean,154,theorem,inducedPMF_const_ne,VennDiagrams.inducedPMF_const_ne,theorem inducedPMF_const_ne (E : FiniteModel Theta X) (a0 a : Y) (theta : Theta)
S04.R010,S04,VennDiagrams.S04_StatisticalPrimitives,VennDiagrams/S04_StatisticalPrimitives.lean,160,theorem,ancillary_const,VennDiagrams.ancillary_const,theorem ancillary_const (E : FiniteModel Theta X) (a0 : Y) :
S04.D010,S04,VennDiagrams.S04_StatisticalPrimitives,VennDiagrams/S04_StatisticalPrimitives.lean,174,def,expectation,VennDiagrams.expectation,def expectation (E : FiniteModel Theta X) (h : X → ℝ) (theta : Theta) : ℝ :=
S04.D011,S04,VennDiagrams.S04_StatisticalPrimitives,VennDiagrams/S04_StatisticalPrimitives.lean,179,def,UnbiasedEstimator,VennDiagrams.UnbiasedEstimator,def UnbiasedEstimator (E : FiniteModel Theta X) (parameter : Theta → ℝ)
S04.D012,S04,VennDiagrams.S04_StatisticalPrimitives,VennDiagrams/S04_StatisticalPrimitives.lean,184,def,unbiasedEstimators,VennDiagrams.unbiasedEstimators,def unbiasedEstimators (E : FiniteModel Theta X) (parameter : Theta → ℝ) :
S04.D013,S04,VennDiagrams.S04_StatisticalPrimitives,VennDiagrams/S04_StatisticalPrimitives.lean,190,def,meanSquaredError,VennDiagrams.meanSquaredError,def meanSquaredError (E : FiniteModel Theta X) (parameter : Theta → ℝ)
S04.R011,S04,VennDiagrams.S04_StatisticalPrimitives,VennDiagrams/S04_StatisticalPrimitives.lean,194,theorem,meanSquaredError_nonneg,VennDiagrams.meanSquaredError_nonneg,theorem meanSquaredError_nonneg (E : FiniteModel Theta X) (parameter : Theta → ℝ)
S04.D014,S04,VennDiagrams.S04_StatisticalPrimitives,VennDiagrams/S04_StatisticalPrimitives.lean,203,def,IsUMVUE,VennDiagrams.IsUMVUE,def IsUMVUE (E : FiniteModel Theta X) (parameter : Theta → ℝ)
S04.D015,S04,VennDiagrams.S04_StatisticalPrimitives,VennDiagrams/S04_StatisticalPrimitives.lean,211,def,umvueCandidates,VennDiagrams.umvueCandidates,def umvueCandidates (E : FiniteModel Theta X) (parameter : Theta → ℝ) :
S04.D016,S04,VennDiagrams.S04_StatisticalPrimitives,VennDiagrams/S04_StatisticalPrimitives.lean,216,def,umvueOutput,VennDiagrams.umvueOutput,def umvueOutput (E : FiniteModel Theta X) (parameter : Theta → ℝ) (x : X) :
S04.R012,S04,VennDiagrams.S04_StatisticalPrimitives,VennDiagrams/S04_StatisticalPrimitives.lean,220,theorem,mem_umvueOutput_iff,VennDiagrams.mem_umvueOutput_iff,@[simp] theorem mem_umvueOutput_iff (E : FiniteModel Theta X)
S04.R013,S04,VennDiagrams.S04_StatisticalPrimitives,VennDiagrams/S04_StatisticalPrimitives.lean,226,theorem,umvueCandidate_unbiased,VennDiagrams.umvueCandidate_unbiased,theorem umvueCandidate_unbiased (E : FiniteModel Theta X)
S04.D017,S04,VennDiagrams.S04_StatisticalPrimitives,VennDiagrams/S04_StatisticalPrimitives.lean,236,def,finiteMaximum,VennDiagrams.finiteMaximum,noncomputable def finiteMaximum {A : Type*} [Fintype A]
S04.R014,S04,VennDiagrams.S04_StatisticalPrimitives,VennDiagrams/S04_StatisticalPrimitives.lean,240,theorem,le_finiteMaximum,VennDiagrams.le_finiteMaximum,theorem le_finiteMaximum {A : Type*} [Fintype A]
S04.R015,S04,VennDiagrams.S04_StatisticalPrimitives,VennDiagrams/S04_StatisticalPrimitives.lean,247,theorem,finiteMaximum_le,VennDiagrams.finiteMaximum_le,theorem finiteMaximum_le {A : Type*} [Fintype A]
S04.R016,S04,VennDiagrams.S04_StatisticalPrimitives,VennDiagrams/S04_StatisticalPrimitives.lean,257,theorem,exists_eq_finiteMaximum,VennDiagrams.exists_eq_finiteMaximum,theorem exists_eq_finiteMaximum {A : Type*} [Fintype A]
S04.R017,S04,VennDiagrams.S04_StatisticalPrimitives,VennDiagrams/S04_StatisticalPrimitives.lean,266,theorem,finiteMaximum_nonneg,VennDiagrams.finiteMaximum_nonneg,theorem finiteMaximum_nonneg {A : Type*} [Fintype A]
S04.R018,S04,VennDiagrams.S04_StatisticalPrimitives,VennDiagrams/S04_StatisticalPrimitives.lean,274,theorem,maximizerSet_nonempty_of_finite,VennDiagrams.maximizerSet_nonempty_of_finite,theorem maximizerSet_nonempty_of_finite (f : Theta → ℝ) :
S04.D018,S04,VennDiagrams.S04_StatisticalPrimitives,VennDiagrams/S04_StatisticalPrimitives.lean,286,structure,ParameterPartition,VennDiagrams.ParameterPartition,structure ParameterPartition (Theta : Type u) [Fintype Theta] where
S04.R019,S04,VennDiagrams.S04_StatisticalPrimitives,VennDiagrams/S04_StatisticalPrimitives.lean,297,theorem,mem_null_or_alternative,VennDiagrams.ParameterPartition.mem_null_or_alternative,theorem mem_null_or_alternative (P : ParameterPartition Theta) (theta : Theta) :
S04.R020,S04,VennDiagrams.S04_StatisticalPrimitives,VennDiagrams/S04_StatisticalPrimitives.lean,302,theorem,not_mem_alternative_of_mem_null,VennDiagrams.ParameterPartition.not_mem_alternative_of_mem_null,theorem not_mem_alternative_of_mem_null (P : ParameterPartition Theta) {theta : Theta}
S04.D019,S04,VennDiagrams.S04_StatisticalPrimitives,VennDiagrams/S04_StatisticalPrimitives.lean,309,def,maxLikelihoodOn,VennDiagrams.maxLikelihoodOn,noncomputable def maxLikelihoodOn (E : FiniteModel Theta X) (H : Finset Theta)
S04.R021,S04,VennDiagrams.S04_StatisticalPrimitives,VennDiagrams/S04_StatisticalPrimitives.lean,313,theorem,maxLikelihoodOn_nonneg,VennDiagrams.maxLikelihoodOn_nonneg,theorem maxLikelihoodOn_nonneg (E : FiniteModel Theta X) (H : Finset Theta)
S04.D020,S04,VennDiagrams.S04_StatisticalPrimitives,VennDiagrams/S04_StatisticalPrimitives.lean,321,def,extendedLikelihoodRatio,VennDiagrams.extendedLikelihoodRatio,noncomputable def extendedLikelihoodRatio (E : FiniteModel Theta X)
S04.R022,S04,VennDiagrams.S04_StatisticalPrimitives,VennDiagrams/S04_StatisticalPrimitives.lean,327,theorem,extendedLikelihoodRatio_zero_zero,VennDiagrams.extendedLikelihoodRatio_zero_zero,theorem extendedLikelihoodRatio_zero_zero (E : FiniteModel Theta X)
S04.R023,S04,VennDiagrams.S04_StatisticalPrimitives,VennDiagrams/S04_StatisticalPrimitives.lean,334,theorem,extendedLikelihoodRatio_pos_div_zero,VennDiagrams.extendedLikelihoodRatio_pos_div_zero,theorem extendedLikelihoodRatio_pos_div_zero (E : FiniteModel Theta X)
S04.R024,S04,VennDiagrams.S04_StatisticalPrimitives,VennDiagrams/S04_StatisticalPrimitives.lean,343,theorem,extendedLikelihoodRatio_of_denominator_pos,VennDiagrams.extendedLikelihoodRatio_of_denominator_pos,theorem extendedLikelihoodRatio_of_denominator_pos (E : FiniteModel Theta X)
S04.D021,S04,VennDiagrams.S04_StatisticalPrimitives,VennDiagrams/S04_StatisticalPrimitives.lean,355,def,lowerTailRegion,VennDiagrams.lowerTailRegion,noncomputable def lowerTailRegion (E : FiniteModel Theta X)
S04.R025,S04,VennDiagrams.S04_StatisticalPrimitives,VennDiagrams/S04_StatisticalPrimitives.lean,362,theorem,mem_lowerTailRegion_iff,VennDiagrams.mem_lowerTailRegion_iff,@[simp] theorem mem_lowerTailRegion_iff (E : FiniteModel Theta X)
S04.R026,S04,VennDiagrams.S04_StatisticalPrimitives,VennDiagrams/S04_StatisticalPrimitives.lean,369,theorem,observed_mem_lowerTailRegion,VennDiagrams.observed_mem_lowerTailRegion,theorem observed_mem_lowerTailRegion (E : FiniteModel Theta X)
S04.D022,S04,VennDiagrams.S04_StatisticalPrimitives,VennDiagrams/S04_StatisticalPrimitives.lean,374,def,lowerTailProbability,VennDiagrams.lowerTailProbability,noncomputable def lowerTailProbability (E : FiniteModel Theta X)
S04.R027,S04,VennDiagrams.S04_StatisticalPrimitives,VennDiagrams/S04_StatisticalPrimitives.lean,378,theorem,lowerTailProbability_nonneg,VennDiagrams.lowerTailProbability_nonneg,theorem lowerTailProbability_nonneg (E : FiniteModel Theta X)
S04.R028,S04,VennDiagrams.S04_StatisticalPrimitives,VennDiagrams/S04_StatisticalPrimitives.lean,384,theorem,lowerTailProbability_le_one,VennDiagrams.lowerTailProbability_le_one,theorem lowerTailProbability_le_one (E : FiniteModel Theta X)
S04.D023,S04,VennDiagrams.S04_StatisticalPrimitives,VennDiagrams/S04_StatisticalPrimitives.lean,395,def,lowerTailLRPValue,VennDiagrams.lowerTailLRPValue,noncomputable def lowerTailLRPValue (E : FiniteModel Theta X)
S04.R029,S04,VennDiagrams.S04_StatisticalPrimitives,VennDiagrams/S04_StatisticalPrimitives.lean,401,theorem,lowerTailLRPValue_mem_Icc,VennDiagrams.lowerTailLRPValue_mem_Icc,theorem lowerTailLRPValue_mem_Icc (E : FiniteModel Theta X)
S04.R030,S04,VennDiagrams.S04_StatisticalPrimitives,VennDiagrams/S04_StatisticalPrimitives.lean,412,theorem,lowerTailLRPValue_nonneg,VennDiagrams.lowerTailLRPValue_nonneg,theorem lowerTailLRPValue_nonneg (E : FiniteModel Theta X)
S04.R031,S04,VennDiagrams.S04_StatisticalPrimitives,VennDiagrams/S04_StatisticalPrimitives.lean,417,theorem,lowerTailLRPValue_le_one,VennDiagrams.lowerTailLRPValue_le_one,theorem lowerTailLRPValue_le_one (E : FiniteModel Theta X)
S04.R032,S04,VennDiagrams.S04_StatisticalPrimitives,VennDiagrams/S04_StatisticalPrimitives.lean,424,theorem,lowerTailLRPValue_superuniform,VennDiagrams.lowerTailLRPValue_superuniform,theorem lowerTailLRPValue_superuniform (E : FiniteModel Theta X)
S04.R033,S04,VennDiagrams.S04_StatisticalPrimitives,VennDiagrams/S04_StatisticalPrimitives.lean,450,theorem,lowerTailLRPValue_strict_rejection_bound,VennDiagrams.lowerTailLRPValue_strict_rejection_bound,theorem lowerTailLRPValue_strict_rejection_bound (E : FiniteModel Theta X)
S04.R034,S04,VennDiagrams.S04_StatisticalPrimitives,VennDiagrams/S04_StatisticalPrimitives.lean,471,theorem,posteriorNormalizer_pos_of_positive_prior,VennDiagrams.posteriorNormalizer_pos_of_positive_prior,theorem posteriorNormalizer_pos_of_positive_prior (E : FiniteModel Theta X)
S04.R035,S04,VennDiagrams.S04_StatisticalPrimitives,VennDiagrams/S04_StatisticalPrimitives.lean,483,theorem,posteriorNormalizer_ne_zero_of_positive_prior,VennDiagrams.posteriorNormalizer_ne_zero_of_positive_prior,theorem posteriorNormalizer_ne_zero_of_positive_prior (E : FiniteModel Theta X)
S04.R036,S04,VennDiagrams.S04_StatisticalPrimitives,VennDiagrams/S04_StatisticalPrimitives.lean,489,theorem,posteriorMass_nonneg_of_positive_prior,VennDiagrams.posteriorMass_nonneg_of_positive_prior,theorem posteriorMass_nonneg_of_positive_prior (E : FiniteModel Theta X)
S04.R037,S04,VennDiagrams.S04_StatisticalPrimitives,VennDiagrams/S04_StatisticalPrimitives.lean,500,theorem,sum_posteriorMass_eq_one,VennDiagrams.sum_posteriorMass_eq_one,theorem sum_posteriorMass_eq_one (likelihood prior : Theta → ℝ)
S04.R038,S04,VennDiagrams.S04_StatisticalPrimitives,VennDiagrams/S04_StatisticalPrimitives.lean,509,theorem,posteriorProbability_mem_Icc_of_positive_prior,VennDiagrams.posteriorProbability_mem_Icc_of_positive_prior,theorem posteriorProbability_mem_Icc_of_positive_prior
S04.R039,S04,VennDiagrams.S04_StatisticalPrimitives,VennDiagrams/S04_StatisticalPrimitives.lean,532,theorem,posteriorProbability_mem_Icc_of_nonnegative_prior,VennDiagrams.posteriorProbability_mem_Icc_of_nonnegative_prior,theorem posteriorProbability_mem_Icc_of_nonnegative_prior
S04.R040,S04,VennDiagrams.S04_StatisticalPrimitives,VennDiagrams/S04_StatisticalPrimitives.lean,555,theorem,FiniteInferenceBase.posteriorNormalizer_pos,VennDiagrams.FiniteInferenceBase.posteriorNormalizer_pos,theorem FiniteInferenceBase.posteriorNormalizer_pos
S04.D024,S04,VennDiagrams.S04_StatisticalPrimitives,VennDiagrams/S04_StatisticalPrimitives.lean,565,def,coverageProbability,VennDiagrams.coverageProbability,noncomputable def coverageProbability (E : FiniteModel Theta X)
S04.R041,S04,VennDiagrams.S04_StatisticalPrimitives,VennDiagrams/S04_StatisticalPrimitives.lean,574,theorem,coverageProbability_eq_sum_indicator,VennDiagrams.coverageProbability_eq_sum_indicator,theorem coverageProbability_eq_sum_indicator (E : FiniteModel Theta X)
S04.R042,S04,VennDiagrams.S04_StatisticalPrimitives,VennDiagrams/S04_StatisticalPrimitives.lean,581,theorem,coverageProbability_nonneg,VennDiagrams.coverageProbability_nonneg,theorem coverageProbability_nonneg (E : FiniteModel Theta X)
S04.R043,S04,VennDiagrams.S04_StatisticalPrimitives,VennDiagrams/S04_StatisticalPrimitives.lean,587,theorem,coverageProbability_le_one,VennDiagrams.coverageProbability_le_one,theorem coverageProbability_le_one (E : FiniteModel Theta X)
S04.D025,S04,VennDiagrams.S04_StatisticalPrimitives,VennDiagrams/S04_StatisticalPrimitives.lean,599,def,HasCoverage,VennDiagrams.HasCoverage,def HasCoverage (E : FiniteModel Theta X) (alpha : ℝ)
S04.R044,S04,VennDiagrams.S04_StatisticalPrimitives,VennDiagrams/S04_StatisticalPrimitives.lean,603,theorem,coverageProbability_full,VennDiagrams.coverageProbability_full,theorem coverageProbability_full (E : FiniteModel Theta X) (theta : Theta) :
S04.R045,S04,VennDiagrams.S04_StatisticalPrimitives,VennDiagrams/S04_StatisticalPrimitives.lean,610,theorem,fullConfidenceRegion_hasCoverage,VennDiagrams.fullConfidenceRegion_hasCoverage,theorem fullConfidenceRegion_hasCoverage (E : FiniteModel Theta X)
S04.D026,S04,VennDiagrams.S04_StatisticalPrimitives,VennDiagrams/S04_StatisticalPrimitives.lean,620,def,confidenceProcedure,VennDiagrams.confidenceProcedure,noncomputable def confidenceProcedure (alpha : ℝ) :
S04.R046,S04,VennDiagrams.S04_StatisticalPrimitives,VennDiagrams/S04_StatisticalPrimitives.lean,625,theorem,mem_output_confidenceProcedure_iff,VennDiagrams.mem_output_confidenceProcedure_iff,@[simp] theorem mem_output_confidenceProcedure_iff (alpha : ℝ)
S04.R047,S04,VennDiagrams.S04_StatisticalPrimitives,VennDiagrams/S04_StatisticalPrimitives.lean,632,theorem,confidenceProcedure_output_nonempty,VennDiagrams.confidenceProcedure_output_nonempty,theorem confidenceProcedure_output_nonempty {alpha : ℝ} (halpha : 0 ≤ alpha)
S04.D027,S04,VennDiagrams.S04_StatisticalPrimitives,VennDiagrams/S04_StatisticalPrimitives.lean,641,def,productProcedure,VennDiagrams.productProcedure,def productProcedure {I : Type*} {A : Type*} {B : Type*}
S04.R048,S04,VennDiagrams.S04_StatisticalPrimitives,VennDiagrams/S04_StatisticalPrimitives.lean,645,theorem,output_productProcedure,VennDiagrams.output_productProcedure,@[simp] theorem output_productProcedure {I : Type*} {A : Type*} {B : Type*}
S04.R049,S04,VennDiagrams.S04_StatisticalPrimitives,VennDiagrams/S04_StatisticalPrimitives.lean,652,theorem,productProcedure_preserves,VennDiagrams.productProcedure_preserves,theorem productProcedure_preserves {I : Type*} {A : Type*} {B : Type*}
S04.R050,S04,VennDiagrams.S04_StatisticalPrimitives,VennDiagrams/S04_StatisticalPrimitives.lean,661,theorem,productProcedure_preserves_iff_of_nonempty,VennDiagrams.productProcedure_preserves_iff_of_nonempty,theorem productProcedure_preserves_iff_of_nonempty
S05.D001,S05,VennDiagrams.S05_SufficiencyConditionality,VennDiagrams/S05_SufficiencyConditionality.lean,37,def,likelihoodProportionalitySetoid,VennDiagrams.likelihoodProportionalitySetoid,def likelihoodProportionalitySetoid {X : Type u} {Θ : Type v}
S05.D002,S05,VennDiagrams.S05_SufficiencyConditionality,VennDiagrams/S05_SufficiencyConditionality.lean,44,def,canonicalMinimalSufficient,VennDiagrams.canonicalMinimalSufficient,def canonicalMinimalSufficient {X : Type u} {Θ : Type v}
S05.D003,S05,VennDiagrams.S05_SufficiencyConditionality,VennDiagrams/S05_SufficiencyConditionality.lean,53,def,LikelihoodFiberCriterion,VennDiagrams.LikelihoodFiberCriterion,def LikelihoodFiberCriterion {X : Type u} {Θ : Type v} {A : Type w}
S05.D004,S05,VennDiagrams.S05_SufficiencyConditionality,VennDiagrams/S05_SufficiencyConditionality.lean,60,abbrev,IsLikelihoodMinimalSufficient,VennDiagrams.IsLikelihoodMinimalSufficient,abbrev IsLikelihoodMinimalSufficient {X : Type u} {Θ : Type v} {A : Type w}
S05.R001,S05,VennDiagrams.S05_SufficiencyConditionality,VennDiagrams/S05_SufficiencyConditionality.lean,66,theorem,canonicalMinimalSufficient_eq_iff,VennDiagrams.canonicalMinimalSufficient_eq_iff,@[simp] theorem canonicalMinimalSufficient_eq_iff
S05.R002,S05,VennDiagrams.S05_SufficiencyConditionality,VennDiagrams/S05_SufficiencyConditionality.lean,75,theorem,canonicalMinimalSufficient_isLikelihoodMinimalSufficient,VennDiagrams.canonicalMinimalSufficient_isLikelihoodMinimalSufficient,theorem canonicalMinimalSufficient_isLikelihoodMinimalSufficient
S05.R003,S05,VennDiagrams.S05_SufficiencyConditionality,VennDiagrams/S05_SufficiencyConditionality.lean,83,theorem,isLikelihoodMinimalSufficient_iff,VennDiagrams.isLikelihoodMinimalSufficient_iff,theorem isLikelihoodMinimalSufficient_iff
S05.R004,S05,VennDiagrams.S05_SufficiencyConditionality,VennDiagrams/S05_SufficiencyConditionality.lean,92,theorem,injective_relabel_canonicalMinimalSufficient,VennDiagrams.injective_relabel_canonicalMinimalSufficient,theorem injective_relabel_canonicalMinimalSufficient
S05.D005,S05,VennDiagrams.S05_SufficiencyConditionality,VennDiagrams/S05_SufficiencyConditionality.lean,113,def,FiniteSufficient,VennDiagrams.FiniteSufficient,def FiniteSufficient
S05.D006,S05,VennDiagrams.S05_SufficiencyConditionality,VennDiagrams/S05_SufficiencyConditionality.lean,122,def,StrictFiniteFactorization,VennDiagrams.StrictFiniteFactorization,def StrictFiniteFactorization
S05.D007,S05,VennDiagrams.S05_SufficiencyConditionality,VennDiagrams/S05_SufficiencyConditionality.lean,132,def,FiniteMinimalSufficient,VennDiagrams.FiniteMinimalSufficient,def FiniteMinimalSufficient
S05.D008,S05,VennDiagrams.S05_SufficiencyConditionality,VennDiagrams/S05_SufficiencyConditionality.lean,141,def,finiteFiberWeight,VennDiagrams.finiteFiberWeight,noncomputable def finiteFiberWeight
S05.R005,S05,VennDiagrams.S05_SufficiencyConditionality,VennDiagrams/S05_SufficiencyConditionality.lean,149,theorem,inducedPMF_eq_factorization,VennDiagrams.inducedPMF_eq_factorization,theorem inducedPMF_eq_factorization
S05.R006,S05,VennDiagrams.S05_SufficiencyConditionality,VennDiagrams/S05_SufficiencyConditionality.lean,171,theorem,finiteFiberWeight_pos_at,VennDiagrams.finiteFiberWeight_pos_at,theorem finiteFiberWeight_pos_at
S05.R007,S05,VennDiagrams.S05_SufficiencyConditionality,VennDiagrams/S05_SufficiencyConditionality.lean,184,theorem,strictFiniteFactorization_implies_sufficient,VennDiagrams.strictFiniteFactorization_implies_sufficient,theorem strictFiniteFactorization_implies_sufficient
S05.R008,S05,VennDiagrams.S05_SufficiencyConditionality,VennDiagrams/S05_SufficiencyConditionality.lean,200,theorem,sufficient_implies_strictFiniteFactorization,VennDiagrams.sufficient_implies_strictFiniteFactorization,theorem sufficient_implies_strictFiniteFactorization
S05.R009,S05,VennDiagrams.S05_SufficiencyConditionality,VennDiagrams/S05_SufficiencyConditionality.lean,219,theorem,finite_neyman_fisher_factorization,VennDiagrams.finite_neyman_fisher_factorization,theorem finite_neyman_fisher_factorization
S05.D009,S05,VennDiagrams.S05_SufficiencyConditionality,VennDiagrams/S05_SufficiencyConditionality.lean,230,def,finiteStatisticRepresentative,VennDiagrams.finiteStatisticRepresentative,noncomputable def finiteStatisticRepresentative
S05.R010,S05,VennDiagrams.S05_SufficiencyConditionality,VennDiagrams/S05_SufficiencyConditionality.lean,236,theorem,finiteStatisticRepresentative_spec,VennDiagrams.finiteStatisticRepresentative_spec,theorem finiteStatisticRepresentative_spec
S05.R011,S05,VennDiagrams.S05_SufficiencyConditionality,VennDiagrams/S05_SufficiencyConditionality.lean,245,theorem,likelihoodFiberCriterion_implies_strictFiniteFactorization,VennDiagrams.likelihoodFiberCriterion_implies_strictFiniteFactorization,theorem likelihoodFiberCriterion_implies_strictFiniteFactorization
S05.R012,S05,VennDiagrams.S05_SufficiencyConditionality,VennDiagrams/S05_SufficiencyConditionality.lean,263,theorem,likelihoodFiberCriterion_implies_finiteSufficient,VennDiagrams.likelihoodFiberCriterion_implies_finiteSufficient,theorem likelihoodFiberCriterion_implies_finiteSufficient
S05.R013,S05,VennDiagrams.S05_SufficiencyConditionality,VennDiagrams/S05_SufficiencyConditionality.lean,274,theorem,sufficient_fiber_implies_proportional,VennDiagrams.sufficient_fiber_implies_proportional,theorem sufficient_fiber_implies_proportional
S05.D010,S05,VennDiagrams.S05_SufficiencyConditionality,VennDiagrams/S05_SufficiencyConditionality.lean,296,def,finiteMinimalFactorMap,VennDiagrams.finiteMinimalFactorMap,noncomputable def finiteMinimalFactorMap
S05.R014,S05,VennDiagrams.S05_SufficiencyConditionality,VennDiagrams/S05_SufficiencyConditionality.lean,301,theorem,finiteMinimalFactorMap_spec,VennDiagrams.finiteMinimalFactorMap_spec,theorem finiteMinimalFactorMap_spec
S05.R015,S05,VennDiagrams.S05_SufficiencyConditionality,VennDiagrams/S05_SufficiencyConditionality.lean,312,theorem,likelihoodFiberCriterion_implies_finiteMinimalSufficient,VennDiagrams.likelihoodFiberCriterion_implies_finiteMinimalSufficient,theorem likelihoodFiberCriterion_implies_finiteMinimalSufficient
S05.R016,S05,VennDiagrams.S05_SufficiencyConditionality,VennDiagrams/S05_SufficiencyConditionality.lean,329,theorem,finiteMinimalSufficient_implies_likelihoodFiberCriterion,VennDiagrams.finiteMinimalSufficient_implies_likelihoodFiberCriterion,theorem finiteMinimalSufficient_implies_likelihoodFiberCriterion
S05.R017,S05,VennDiagrams.S05_SufficiencyConditionality,VennDiagrams/S05_SufficiencyConditionality.lean,356,theorem,finite_minimal_sufficiency_iff_likelihoodFiberCriterion,VennDiagrams.finite_minimal_sufficiency_iff_likelihoodFiberCriterion,theorem finite_minimal_sufficiency_iff_likelihoodFiberCriterion
S05.R018,S05,VennDiagrams.S05_SufficiencyConditionality,VennDiagrams/S05_SufficiencyConditionality.lean,368,theorem,canonicalMinimalSufficient_isFiniteMinimalSufficient,VennDiagrams.canonicalMinimalSufficient_isFiniteMinimalSufficient,theorem canonicalMinimalSufficient_isFiniteMinimalSufficient
S05.R019,S05,VennDiagrams.S05_SufficiencyConditionality,VennDiagrams/S05_SufficiencyConditionality.lean,379,theorem,injective_relabel_canonicalMinimalSufficient_isFiniteMinimalSufficient,VennDiagrams.injective_relabel_canonicalMinimalSufficient_isFiniteMinimalSufficient,theorem injective_relabel_canonicalMinimalSufficient_isFiniteMinimalSufficient
S05.D011,S05,VennDiagrams.S05_SufficiencyConditionality,VennDiagrams/S05_SufficiencyConditionality.lean,398,def,finiteSufficiencyPair,VennDiagrams.finiteSufficiencyPair,def finiteSufficiencyPair
S05.D012,S05,VennDiagrams.S05_SufficiencyConditionality,VennDiagrams/S05_SufficiencyConditionality.lean,416,def,finiteDirectionalConditionalityPair,VennDiagrams.finiteDirectionalConditionalityPair,def finiteDirectionalConditionalityPair
S05.D013,S05,VennDiagrams.S05_SufficiencyConditionality,VennDiagrams/S05_SufficiencyConditionality.lean,436,def,finiteConditionalityPair,VennDiagrams.finiteConditionalityPair,def finiteConditionalityPair
S05.R020,S05,VennDiagrams.S05_SufficiencyConditionality,VennDiagrams/S05_SufficiencyConditionality.lean,448,theorem,finiteDirectionalConditionalityPair_implies_proportional,VennDiagrams.finiteDirectionalConditionalityPair_implies_proportional,theorem finiteDirectionalConditionalityPair_implies_proportional
S05.R021,S05,VennDiagrams.S05_SufficiencyConditionality,VennDiagrams/S05_SufficiencyConditionality.lean,478,theorem,finiteDirectionalConditionalityPair_same_code_observation_eq,VennDiagrams.finiteDirectionalConditionalityPair_same_code_observation_eq,theorem finiteDirectionalConditionalityPair_same_code_observation_eq
S05.D014,S05,VennDiagrams.S05_SufficiencyConditionality,VennDiagrams/S05_SufficiencyConditionality.lean,509,structure,PackedFiniteInferenceBase,VennDiagrams.PackedFiniteInferenceBase,structure PackedFiniteInferenceBase (Theta : Type u)
S05.D015,S05,VennDiagrams.S05_SufficiencyConditionality,VennDiagrams/S05_SufficiencyConditionality.lean,526,def,PackedFiniteInferenceBase.likelihood,VennDiagrams.PackedFiniteInferenceBase.likelihood,def PackedFiniteInferenceBase.likelihood
S05.D016,S05,VennDiagrams.S05_SufficiencyConditionality,VennDiagrams/S05_SufficiencyConditionality.lean,534,def,PackedFiniteInferenceBase.likelihoodFamily,VennDiagrams.PackedFiniteInferenceBase.likelihoodFamily,def PackedFiniteInferenceBase.likelihoodFamily
S05.D017,S05,VennDiagrams.S05_SufficiencyConditionality,VennDiagrams/S05_SufficiencyConditionality.lean,542,def,PackedFiniteInferenceBase.asInferenceBase,VennDiagrams.PackedFiniteInferenceBase.asInferenceBase,def PackedFiniteInferenceBase.asInferenceBase
S05.D018,S05,VennDiagrams.S05_SufficiencyConditionality,VennDiagrams/S05_SufficiencyConditionality.lean,554,structure,PackedFiniteStatistic,VennDiagrams.PackedFiniteStatistic,structure PackedFiniteStatistic
S05.D019,S05,VennDiagrams.S05_SufficiencyConditionality,VennDiagrams/S05_SufficiencyConditionality.lean,565,def,packedCanonicalMinimalSufficientStatistic,VennDiagrams.packedCanonicalMinimalSufficientStatistic,noncomputable def packedCanonicalMinimalSufficientStatistic
S05.D020,S05,VennDiagrams.S05_SufficiencyConditionality,VennDiagrams/S05_SufficiencyConditionality.lean,585,def,PackedFiniteStatistic.inducedModel,VennDiagrams.PackedFiniteStatistic.inducedModel,noncomputable def PackedFiniteStatistic.inducedModel
S05.D021,S05,VennDiagrams.S05_SufficiencyConditionality,VennDiagrams/S05_SufficiencyConditionality.lean,598,def,PackedFiniteStatistic.reducedPValue,VennDiagrams.PackedFiniteStatistic.reducedPValue,noncomputable def PackedFiniteStatistic.reducedPValue
S05.D022,S05,VennDiagrams.S05_SufficiencyConditionality,VennDiagrams/S05_SufficiencyConditionality.lean,607,def,packedLowerTailLRPValue,VennDiagrams.packedLowerTailLRPValue,noncomputable def packedLowerTailLRPValue
S05.R022,S05,VennDiagrams.S05_SufficiencyConditionality,VennDiagrams/S05_SufficiencyConditionality.lean,616,theorem,packedLowerTailLRPValue_mem_Icc,VennDiagrams.packedLowerTailLRPValue_mem_Icc,theorem packedLowerTailLRPValue_mem_Icc
S05.D023,S05,VennDiagrams.S05_SufficiencyConditionality,VennDiagrams/S05_SufficiencyConditionality.lean,626,def,packedLowerTailLRPValueInUnitInterval,VennDiagrams.packedLowerTailLRPValueInUnitInterval,noncomputable def packedLowerTailLRPValueInUnitInterval
S05.D024,S05,VennDiagrams.S05_SufficiencyConditionality,VennDiagrams/S05_SufficiencyConditionality.lean,634,def,packedLowerTailLRPValueProcedure,VennDiagrams.packedLowerTailLRPValueProcedure,noncomputable def packedLowerTailLRPValueProcedure
S05.D025,S05,VennDiagrams.S05_SufficiencyConditionality,VennDiagrams/S05_SufficiencyConditionality.lean,641,def,packedFiniteLikelihoodRelation,VennDiagrams.packedFiniteLikelihoodRelation,def packedFiniteLikelihoodRelation
S05.D026,S05,VennDiagrams.S05_SufficiencyConditionality,VennDiagrams/S05_SufficiencyConditionality.lean,650,def,packedPosteriorProbability,VennDiagrams.packedPosteriorProbability,noncomputable def packedPosteriorProbability
S05.R023,S05,VennDiagrams.S05_SufficiencyConditionality,VennDiagrams/S05_SufficiencyConditionality.lean,663,theorem,packedPosteriorProbability_val,VennDiagrams.packedPosteriorProbability_val,@[simp] theorem packedPosteriorProbability_val
S05.D027,S05,VennDiagrams.S05_SufficiencyConditionality,VennDiagrams/S05_SufficiencyConditionality.lean,673,def,packedPosteriorProcedure,VennDiagrams.packedPosteriorProcedure,noncomputable def packedPosteriorProcedure
S05.R024,S05,VennDiagrams.S05_SufficiencyConditionality,VennDiagrams/S05_SufficiencyConditionality.lean,681,theorem,packedPosteriorProcedure_preserves_likelihood,VennDiagrams.packedPosteriorProcedure_preserves_likelihood,theorem packedPosteriorProcedure_preserves_likelihood
S05.R025,S05,VennDiagrams.S05_SufficiencyConditionality,VennDiagrams/S05_SufficiencyConditionality.lean,694,theorem,packedPosteriorProcedure_output_nonempty,VennDiagrams.packedPosteriorProcedure_output_nonempty,theorem packedPosteriorProcedure_output_nonempty
S05.R026,S05,VennDiagrams.S05_SufficiencyConditionality,VennDiagrams/S05_SufficiencyConditionality.lean,705,theorem,packedPosteriorNormalizer_pos_of_positive_prior,VennDiagrams.packedPosteriorNormalizer_pos_of_positive_prior,theorem packedPosteriorNormalizer_pos_of_positive_prior
S05.D028,S05,VennDiagrams.S05_SufficiencyConditionality,VennDiagrams/S05_SufficiencyConditionality.lean,717,def,packedUMVUEOutput,VennDiagrams.packedUMVUEOutput,noncomputable def packedUMVUEOutput
S05.R027,S05,VennDiagrams.S05_SufficiencyConditionality,VennDiagrams/S05_SufficiencyConditionality.lean,725,theorem,mem_packedUMVUEOutput_iff,VennDiagrams.mem_packedUMVUEOutput_iff,@[simp] theorem mem_packedUMVUEOutput_iff
S05.D029,S05,VennDiagrams.S05_SufficiencyConditionality,VennDiagrams/S05_SufficiencyConditionality.lean,736,def,packedConfidenceProcedure,VennDiagrams.packedConfidenceProcedure,noncomputable def packedConfidenceProcedure
S05.R028,S05,VennDiagrams.S05_SufficiencyConditionality,VennDiagrams/S05_SufficiencyConditionality.lean,744,theorem,mem_output_packedConfidenceProcedure_iff,VennDiagrams.mem_output_packedConfidenceProcedure_iff,@[simp] theorem mem_output_packedConfidenceProcedure_iff
S05.R029,S05,VennDiagrams.S05_SufficiencyConditionality,VennDiagrams/S05_SufficiencyConditionality.lean,753,theorem,packedConfidenceProcedure_output_nonempty,VennDiagrams.packedConfidenceProcedure_output_nonempty,theorem packedConfidenceProcedure_output_nonempty
S05.D030,S05,VennDiagrams.S05_SufficiencyConditionality,VennDiagrams/S05_SufficiencyConditionality.lean,767,def,packedFiniteSufficiencyRelation,VennDiagrams.packedFiniteSufficiencyRelation,def packedFiniteSufficiencyRelation
S05.D031,S05,VennDiagrams.S05_SufficiencyConditionality,VennDiagrams/S05_SufficiencyConditionality.lean,790,def,packedFiniteConditionalityRelation,VennDiagrams.packedFiniteConditionalityRelation,def packedFiniteConditionalityRelation
S05.R030,S05,VennDiagrams.S05_SufficiencyConditionality,VennDiagrams/S05_SufficiencyConditionality.lean,803,theorem,packedFiniteSufficiencyRelation_symmetric,VennDiagrams.packedFiniteSufficiencyRelation_symmetric,theorem packedFiniteSufficiencyRelation_symmetric
S05.R031,S05,VennDiagrams.S05_SufficiencyConditionality,VennDiagrams/S05_SufficiencyConditionality.lean,824,theorem,packedFiniteSufficiencyRelation_reflexive,VennDiagrams.packedFiniteSufficiencyRelation_reflexive,theorem packedFiniteSufficiencyRelation_reflexive
S05.D032,S05,VennDiagrams.S05_SufficiencyConditionality,VennDiagrams/S05_SufficiencyConditionality.lean,841,def,relabelSameFibers,VennDiagrams.relabelSameFibers,noncomputable def relabelSameFibers
S05.R032,S05,VennDiagrams.S05_SufficiencyConditionality,VennDiagrams/S05_SufficiencyConditionality.lean,862,theorem,relabelSameFibers_apply,VennDiagrams.relabelSameFibers_apply,theorem relabelSameFibers_apply
S05.R033,S05,VennDiagrams.S05_SufficiencyConditionality,VennDiagrams/S05_SufficiencyConditionality.lean,873,theorem,inducedPMF_relabelSameFibers,VennDiagrams.inducedPMF_relabelSameFibers,theorem inducedPMF_relabelSameFibers
S05.R034,S05,VennDiagrams.S05_SufficiencyConditionality,VennDiagrams/S05_SufficiencyConditionality.lean,901,theorem,packedFiniteSufficiencyRelation_transitive,VennDiagrams.packedFiniteSufficiencyRelation_transitive,theorem packedFiniteSufficiencyRelation_transitive
S05.R035,S05,VennDiagrams.S05_SufficiencyConditionality,VennDiagrams/S05_SufficiencyConditionality.lean,955,theorem,packedFiniteSufficiencyRelation_isEquivalence,VennDiagrams.packedFiniteSufficiencyRelation_isEquivalence,theorem packedFiniteSufficiencyRelation_isEquivalence
S05.R036,S05,VennDiagrams.S05_SufficiencyConditionality,VennDiagrams/S05_SufficiencyConditionality.lean,968,theorem,packedFiniteConditionalityRelation_symmetric,VennDiagrams.packedFiniteConditionalityRelation_symmetric,theorem packedFiniteConditionalityRelation_symmetric
S05.R037,S05,VennDiagrams.S05_SufficiencyConditionality,VennDiagrams/S05_SufficiencyConditionality.lean,977,theorem,packedFiniteConditionalityRelation_reflexive,VennDiagrams.packedFiniteConditionalityRelation_reflexive,theorem packedFiniteConditionalityRelation_reflexive
S05.R038,S05,VennDiagrams.S05_SufficiencyConditionality,VennDiagrams/S05_SufficiencyConditionality.lean,998,theorem,packedFiniteConditionalityRelation_le_likelihoodRelation,VennDiagrams.packedFiniteConditionalityRelation_le_likelihoodRelation,theorem packedFiniteConditionalityRelation_le_likelihoodRelation
S05.D033,S05,VennDiagrams.S05_SufficiencyConditionality,VennDiagrams/S05_SufficiencyConditionality.lean,1017,inductive,Two,VennDiagrams.Evans2013Construction.Two,inductive Two : Type v
S05.D034,S05,VennDiagrams.S05_SufficiencyConditionality,VennDiagrams/S05_SufficiencyConditionality.lean,1022,def,two0,VennDiagrams.Evans2013Construction.two0,def two0 : Two.{v} := Two.zero
S05.D035,S05,VennDiagrams.S05_SufficiencyConditionality,VennDiagrams/S05_SufficiencyConditionality.lean,1023,def,two1,VennDiagrams.Evans2013Construction.two1,def two1 : Two.{v} := Two.one
S05.D036,S05,VennDiagrams.S05_SufficiencyConditionality,VennDiagrams/S05_SufficiencyConditionality.lean,1025,def,finiteNatCode,VennDiagrams.Evans2013Construction.finiteNatCode,noncomputable def finiteNatCode (X : Type v) [Fintype X] : X → Nat :=
S05.R039,S05,VennDiagrams.S05_SufficiencyConditionality,VennDiagrams/S05_SufficiencyConditionality.lean,1028,theorem,finiteNatCode_injective,VennDiagrams.Evans2013Construction.finiteNatCode_injective,theorem finiteNatCode_injective (X : Type v) [Fintype X] :
S05.R040,S05,VennDiagrams.S05_SufficiencyConditionality,VennDiagrams/S05_SufficiencyConditionality.lean,1032,theorem,sum_two,VennDiagrams.Evans2013Construction.sum_two,theorem sum_two {M : Type u} [AddCommMonoid M] (f : Two.{v} → M) :
S05.R041,S05,VennDiagrams.S05_SufficiencyConditionality,VennDiagrams/S05_SufficiencyConditionality.lean,1040,theorem,FiniteModel.pmf_le_one,VennDiagrams.Evans2013Construction.FiniteModel.pmf_le_one,theorem FiniteModel.pmf_le_one
S05.D037,S05,VennDiagrams.S05_SufficiencyConditionality,VennDiagrams/S05_SufficiencyConditionality.lean,1050,def,starPMF,VennDiagrams.Evans2013Construction.starPMF,noncomputable def starPMF
S05.D038,S05,VennDiagrams.S05_SufficiencyConditionality,VennDiagrams/S05_SufficiencyConditionality.lean,1059,def,starModel,VennDiagrams.Evans2013Construction.starModel,noncomputable def starModel
S05.D039,S05,VennDiagrams.S05_SufficiencyConditionality,VennDiagrams/S05_SufficiencyConditionality.lean,1097,def,starBranch,VennDiagrams.Evans2013Construction.starBranch,def starBranch {X : Type v} : X ⊕ Two.{v} → Two.{v}
S05.D040,S05,VennDiagrams.S05_SufficiencyConditionality,VennDiagrams/S05_SufficiencyConditionality.lean,1101,def,starFork,VennDiagrams.Evans2013Construction.starFork,noncomputable def starFork {X : Type v} (observed : X) (z : X ⊕ Two.{v}) : Two.{v} := by
S05.D041,S05,VennDiagrams.S05_SufficiencyConditionality,VennDiagrams/S05_SufficiencyConditionality.lean,1107,def,mainEmbed,VennDiagrams.Evans2013Construction.mainEmbed,def mainEmbed {X : Type v} : X → X ⊕ Two.{v} := Sum.inl
S05.D042,S05,VennDiagrams.S05_SufficiencyConditionality,VennDiagrams/S05_SufficiencyConditionality.lean,1109,def,forkEmbed,VennDiagrams.Evans2013Construction.forkEmbed,def forkEmbed {X : Type v} (observed : X) : Two.{v} → X ⊕ Two.{v}
S05.R042,S05,VennDiagrams.S05_SufficiencyConditionality,VennDiagrams/S05_SufficiencyConditionality.lean,1113,theorem,inducedPMF_starBranch_zero,VennDiagrams.Evans2013Construction.inducedPMF_starBranch_zero,theorem inducedPMF_starBranch_zero
S05.R043,S05,VennDiagrams.S05_SufficiencyConditionality,VennDiagrams/S05_SufficiencyConditionality.lean,1128,theorem,inducedPMF_starFork_zero,VennDiagrams.Evans2013Construction.inducedPMF_starFork_zero,theorem inducedPMF_starFork_zero
S05.R044,S05,VennDiagrams.S05_SufficiencyConditionality,VennDiagrams/S05_SufficiencyConditionality.lean,1142,theorem,inducedPMF_starBranch_one,VennDiagrams.Evans2013Construction.inducedPMF_starBranch_one,theorem inducedPMF_starBranch_one
S05.R045,S05,VennDiagrams.S05_SufficiencyConditionality,VennDiagrams/S05_SufficiencyConditionality.lean,1154,theorem,inducedPMF_starFork_one,VennDiagrams.Evans2013Construction.inducedPMF_starFork_one,theorem inducedPMF_starFork_one
S05.R046,S05,VennDiagrams.S05_SufficiencyConditionality,VennDiagrams/S05_SufficiencyConditionality.lean,1166,theorem,ancillary_starBranch,VennDiagrams.Evans2013Construction.ancillary_starBranch,theorem ancillary_starBranch
S05.R047,S05,VennDiagrams.S05_SufficiencyConditionality,VennDiagrams/S05_SufficiencyConditionality.lean,1177,theorem,ancillary_starFork,VennDiagrams.Evans2013Construction.ancillary_starFork,theorem ancillary_starFork
S05.R048,S05,VennDiagrams.S05_SufficiencyConditionality,VennDiagrams/S05_SufficiencyConditionality.lean,1188,theorem,starModel_all_effective,VennDiagrams.Evans2013Construction.starModel_all_effective,theorem starModel_all_effective
S05.D043,S05,VennDiagrams.S05_SufficiencyConditionality,VennDiagrams/S05_SufficiencyConditionality.lean,1224,def,bridgePMF,VennDiagrams.Evans2013Construction.bridgePMF,noncomputable def bridgePMF
S05.D044,S05,VennDiagrams.S05_SufficiencyConditionality,VennDiagrams/S05_SufficiencyConditionality.lean,1232,def,bridgeModel,VennDiagrams.Evans2013Construction.bridgeModel,noncomputable def bridgeModel
S05.R049,S05,VennDiagrams.S05_SufficiencyConditionality,VennDiagrams/S05_SufficiencyConditionality.lean,1258,theorem,bridgeModel_all_effective,VennDiagrams.Evans2013Construction.bridgeModel_all_effective,theorem bridgeModel_all_effective
S05.D045,S05,VennDiagrams.S05_SufficiencyConditionality,VennDiagrams/S05_SufficiencyConditionality.lean,1286,def,starPacked,VennDiagrams.Evans2013Construction.starPacked,noncomputable def starPacked
S05.D046,S05,VennDiagrams.S05_SufficiencyConditionality,VennDiagrams/S05_SufficiencyConditionality.lean,1308,def,bridgePacked,VennDiagrams.Evans2013Construction.bridgePacked,noncomputable def bridgePacked
S05.R050,S05,VennDiagrams.S05_SufficiencyConditionality,VennDiagrams/S05_SufficiencyConditionality.lean,1330,theorem,starBranch_surjective,VennDiagrams.Evans2013Construction.starBranch_surjective,theorem starBranch_surjective {X : Type v} [Nonempty X] :
S05.R051,S05,VennDiagrams.S05_SufficiencyConditionality,VennDiagrams/S05_SufficiencyConditionality.lean,1337,theorem,starFork_surjective,VennDiagrams.Evans2013Construction.starFork_surjective,theorem starFork_surjective {X : Type v} (observed : X) :
S05.R052,S05,VennDiagrams.S05_SufficiencyConditionality,VennDiagrams/S05_SufficiencyConditionality.lean,1344,theorem,mainEmbed_injective,VennDiagrams.Evans2013Construction.mainEmbed_injective,theorem mainEmbed_injective {X : Type v} :
S05.R053,S05,VennDiagrams.S05_SufficiencyConditionality,VennDiagrams/S05_SufficiencyConditionality.lean,1349,theorem,forkEmbed_injective,VennDiagrams.Evans2013Construction.forkEmbed_injective,theorem forkEmbed_injective {X : Type v} (observed : X) :
S05.R054,S05,VennDiagrams.S05_SufficiencyConditionality,VennDiagrams/S05_SufficiencyConditionality.lean,1354,theorem,starBranch_observed_fiber,VennDiagrams.Evans2013Construction.starBranch_observed_fiber,theorem starBranch_observed_fiber {X : Type v} (observed : X)
S05.R055,S05,VennDiagrams.S05_SufficiencyConditionality,VennDiagrams/S05_SufficiencyConditionality.lean,1362,theorem,starFork_observed_fiber,VennDiagrams.Evans2013Construction.starFork_observed_fiber,theorem starFork_observed_fiber {X : Type v} (observed : X)
S05.R056,S05,VennDiagrams.S05_SufficiencyConditionality,VennDiagrams/S05_SufficiencyConditionality.lean,1392,theorem,starPacked_conditions_to_original,VennDiagrams.Evans2013Construction.starPacked_conditions_to_original,theorem starPacked_conditions_to_original
S05.R057,S05,VennDiagrams.S05_SufficiencyConditionality,VennDiagrams/S05_SufficiencyConditionality.lean,1424,theorem,starPacked_conditions_to_bridge_of_scaled_eq,VennDiagrams.Evans2013Construction.starPacked_conditions_to_bridge_of_scaled_eq,theorem starPacked_conditions_to_bridge_of_scaled_eq
S05.R058,S05,VennDiagrams.S05_SufficiencyConditionality,VennDiagrams/S05_SufficiencyConditionality.lean,1488,theorem,packedFiniteConditionalityClosure_eq_likelihoodRelation,VennDiagrams.packedFiniteConditionalityClosure_eq_likelihoodRelation,theorem packedFiniteConditionalityClosure_eq_likelihoodRelation
S05.R059,S05,VennDiagrams.S05_SufficiencyConditionality,VennDiagrams/S05_SufficiencyConditionality.lean,1549,theorem,observed_likelihood_proportional_induced_of_likelihoodFiberCriterion,VennDiagrams.Evans2013Construction.observed_likelihood_proportional_induced_of_likelihoodFiberCriterion,theorem observed_likelihood_proportional_induced_of_likelihoodFiberCriterion
S05.R060,S05,VennDiagrams.S05_SufficiencyConditionality,VennDiagrams/S05_SufficiencyConditionality.lean,1591,theorem,finiteMaximum_mul_pos,VennDiagrams.finiteMaximum_mul_pos,theorem finiteMaximum_mul_pos
S05.R061,S05,VennDiagrams.S05_SufficiencyConditionality,VennDiagrams/S05_SufficiencyConditionality.lean,1606,theorem,maxLikelihoodOn_eq_mul_of_proportional,VennDiagrams.maxLikelihoodOn_eq_mul_of_proportional,theorem maxLikelihoodOn_eq_mul_of_proportional
S05.R062,S05,VennDiagrams.S05_SufficiencyConditionality,VennDiagrams/S05_SufficiencyConditionality.lean,1621,theorem,extendedLikelihoodRatio_eq_of_proportional,VennDiagrams.extendedLikelihoodRatio_eq_of_proportional,theorem extendedLikelihoodRatio_eq_of_proportional
S05.R063,S05,VennDiagrams.S05_SufficiencyConditionality,VennDiagrams/S05_SufficiencyConditionality.lean,1642,theorem,extendedLikelihoodRatio_induced_of_likelihoodFiberCriterion,VennDiagrams.extendedLikelihoodRatio_induced_of_likelihoodFiberCriterion,theorem extendedLikelihoodRatio_induced_of_likelihoodFiberCriterion
S05.R064,S05,VennDiagrams.S05_SufficiencyConditionality,VennDiagrams/S05_SufficiencyConditionality.lean,1658,theorem,observed_likelihood_proportional_induced_of_finiteSufficient,VennDiagrams.observed_likelihood_proportional_induced_of_finiteSufficient,theorem observed_likelihood_proportional_induced_of_finiteSufficient
S05.R065,S05,VennDiagrams.S05_SufficiencyConditionality,VennDiagrams/S05_SufficiencyConditionality.lean,1680,theorem,extendedLikelihoodRatio_induced_of_finiteSufficient,VennDiagrams.extendedLikelihoodRatio_induced_of_finiteSufficient,theorem extendedLikelihoodRatio_induced_of_finiteSufficient
S05.R066,S05,VennDiagrams.S05_SufficiencyConditionality,VennDiagrams/S05_SufficiencyConditionality.lean,1696,theorem,lowerTailProbability_induced_of_score,VennDiagrams.lowerTailProbability_induced_of_score,theorem lowerTailProbability_induced_of_score
S05.R067,S05,VennDiagrams.S05_SufficiencyConditionality,VennDiagrams/S05_SufficiencyConditionality.lean,1735,theorem,lowerTailProbability_induced_of_likelihoodFiberCriterion,VennDiagrams.lowerTailProbability_induced_of_likelihoodFiberCriterion,theorem lowerTailProbability_induced_of_likelihoodFiberCriterion
S05.R068,S05,VennDiagrams.S05_SufficiencyConditionality,VennDiagrams/S05_SufficiencyConditionality.lean,1752,theorem,lowerTailProbability_induced_of_finiteSufficient,VennDiagrams.lowerTailProbability_induced_of_finiteSufficient,theorem lowerTailProbability_induced_of_finiteSufficient
S05.R069,S05,VennDiagrams.S05_SufficiencyConditionality,VennDiagrams/S05_SufficiencyConditionality.lean,1769,theorem,lowerTailLRPValue_induced_of_likelihoodFiberCriterion,VennDiagrams.lowerTailLRPValue_induced_of_likelihoodFiberCriterion,theorem lowerTailLRPValue_induced_of_likelihoodFiberCriterion
S05.R070,S05,VennDiagrams.S05_SufficiencyConditionality,VennDiagrams/S05_SufficiencyConditionality.lean,1787,theorem,lowerTailLRPValue_induced_of_finiteSufficient,VennDiagrams.lowerTailLRPValue_induced_of_finiteSufficient,theorem lowerTailLRPValue_induced_of_finiteSufficient
S05.R071,S05,VennDiagrams.S05_SufficiencyConditionality,VennDiagrams/S05_SufficiencyConditionality.lean,1805,theorem,lowerTailProbability_induced_of_finiteMinimalSufficient,VennDiagrams.lowerTailProbability_induced_of_finiteMinimalSufficient,theorem lowerTailProbability_induced_of_finiteMinimalSufficient
S05.R072,S05,VennDiagrams.S05_SufficiencyConditionality,VennDiagrams/S05_SufficiencyConditionality.lean,1820,theorem,lowerTailLRPValue_induced_of_finiteMinimalSufficient,VennDiagrams.lowerTailLRPValue_induced_of_finiteMinimalSufficient,theorem lowerTailLRPValue_induced_of_finiteMinimalSufficient
S05.R073,S05,VennDiagrams.S05_SufficiencyConditionality,VennDiagrams/S05_SufficiencyConditionality.lean,1835,theorem,packedFiniteSufficiencyRelation_le_likelihoodRelation,VennDiagrams.packedFiniteSufficiencyRelation_le_likelihoodRelation,theorem packedFiniteSufficiencyRelation_le_likelihoodRelation
S05.R074,S05,VennDiagrams.S05_SufficiencyConditionality,VennDiagrams/S05_SufficiencyConditionality.lean,1874,theorem,packedFiniteJointClosure_eq_likelihoodRelation,VennDiagrams.packedFiniteJointClosure_eq_likelihoodRelation,theorem packedFiniteJointClosure_eq_likelihoodRelation
S05.D047,S05,VennDiagrams.S05_SufficiencyConditionality,VennDiagrams/S05_SufficiencyConditionality.lean,1900,abbrev,DirectionalConditionality,VennDiagrams.DirectionalConditionality,abbrev DirectionalConditionality (ι : Type u) := StatisticalRelation ι
S05.D048,S05,VennDiagrams.S05_SufficiencyConditionality,VennDiagrams/S05_SufficiencyConditionality.lean,1904,def,conditionalityRelation,VennDiagrams.conditionalityRelation,def conditionalityRelation {ι : Type u} (C₀ : DirectionalConditionality ι) :
S05.R075,S05,VennDiagrams.S05_SufficiencyConditionality,VennDiagrams/S05_SufficiencyConditionality.lean,1909,theorem,directionalConditionality_le_conditionalityRelation,VennDiagrams.directionalConditionality_le_conditionalityRelation,theorem directionalConditionality_le_conditionalityRelation
S05.R076,S05,VennDiagrams.S05_SufficiencyConditionality,VennDiagrams/S05_SufficiencyConditionality.lean,1916,theorem,conditionalityRelation_reflexive,VennDiagrams.conditionalityRelation_reflexive,theorem conditionalityRelation_reflexive {ι : Type u}
S05.R077,S05,VennDiagrams.S05_SufficiencyConditionality,VennDiagrams/S05_SufficiencyConditionality.lean,1923,theorem,conditionalityRelation_symmetric,VennDiagrams.conditionalityRelation_symmetric,theorem conditionalityRelation_symmetric {ι : Type u}
S05.R078,S05,VennDiagrams.S05_SufficiencyConditionality,VennDiagrams/S05_SufficiencyConditionality.lean,1934,theorem,conditionalityRelation_le_of_reflexive_symmetric,VennDiagrams.conditionalityRelation_le_of_reflexive_symmetric,theorem conditionalityRelation_le_of_reflexive_symmetric
S05.R079,S05,VennDiagrams.S05_SufficiencyConditionality,VennDiagrams/S05_SufficiencyConditionality.lean,1947,theorem,conditionalityRelation_le_likelihoodRelation,VennDiagrams.conditionalityRelation_le_likelihoodRelation,theorem conditionalityRelation_le_likelihoodRelation
S05.R080,S05,VennDiagrams.S05_SufficiencyConditionality,VennDiagrams/S05_SufficiencyConditionality.lean,1962,theorem,equivalenceClosure_conditionalityRelation,VennDiagrams.equivalenceClosure_conditionalityRelation,theorem equivalenceClosure_conditionalityRelation {ι : Type u}
S05.R081,S05,VennDiagrams.S05_SufficiencyConditionality,VennDiagrams/S05_SufficiencyConditionality.lean,1984,theorem,not_transitive_of_witness,VennDiagrams.not_transitive_of_witness,theorem not_transitive_of_witness {ι : Type u} {R : StatisticalRelation ι}
S05.R082,S05,VennDiagrams.S05_SufficiencyConditionality,VennDiagrams/S05_SufficiencyConditionality.lean,1993,theorem,conditionalityRelation_not_transitive_of_fork,VennDiagrams.conditionalityRelation_not_transitive_of_fork,theorem conditionalityRelation_not_transitive_of_fork
S05.D049,S05,VennDiagrams.S05_SufficiencyConditionality,VennDiagrams/S05_SufficiencyConditionality.lean,2004,def,RelationsIncomparable,VennDiagrams.RelationsIncomparable,def RelationsIncomparable {ι : Type u}
S05.R083,S05,VennDiagrams.S05_SufficiencyConditionality,VennDiagrams/S05_SufficiencyConditionality.lean,2009,theorem,relationsIncomparable_of_witnesses,VennDiagrams.relationsIncomparable_of_witnesses,theorem relationsIncomparable_of_witnesses
S05.R084,S05,VennDiagrams.S05_SufficiencyConditionality,VennDiagrams/S05_SufficiencyConditionality.lean,2023,theorem,sufficiency_conditionality_incomparable_of_witnesses,VennDiagrams.sufficiency_conditionality_incomparable_of_witnesses,theorem sufficiency_conditionality_incomparable_of_witnesses
S05.R085,S05,VennDiagrams.S05_SufficiencyConditionality,VennDiagrams/S05_SufficiencyConditionality.lean,2033,theorem,reflexive_relations_share_identity,VennDiagrams.reflexive_relations_share_identity,theorem reflexive_relations_share_identity
S05.R086,S05,VennDiagrams.S05_SufficiencyConditionality,VennDiagrams/S05_SufficiencyConditionality.lean,2042,theorem,equivalenceClosure_eq_self_of_equivalence,VennDiagrams.equivalenceClosure_eq_self_of_equivalence,theorem equivalenceClosure_eq_self_of_equivalence
S05.R087,S05,VennDiagrams.S05_SufficiencyConditionality,VennDiagrams/S05_SufficiencyConditionality.lean,2048,theorem,relationUnion_le_of_le,VennDiagrams.relationUnion_le_of_le,theorem relationUnion_le_of_le
S05.R088,S05,VennDiagrams.S05_SufficiencyConditionality,VennDiagrams/S05_SufficiencyConditionality.lean,2057,theorem,relationUnion_lt_of_witness,VennDiagrams.relationUnion_lt_of_witness,theorem relationUnion_lt_of_witness
S05.R089,S05,VennDiagrams.S05_SufficiencyConditionality,VennDiagrams/S05_SufficiencyConditionality.lean,2071,theorem,equivalenceClosure_mono,VennDiagrams.equivalenceClosure_mono,theorem equivalenceClosure_mono
S05.R090,S05,VennDiagrams.S05_SufficiencyConditionality,VennDiagrams/S05_SufficiencyConditionality.lean,2080,theorem,equivalenceClosure_relationUnion_le,VennDiagrams.equivalenceClosure_relationUnion_le,theorem equivalenceClosure_relationUnion_le
S05.R091,S05,VennDiagrams.S05_SufficiencyConditionality,VennDiagrams/S05_SufficiencyConditionality.lean,2088,theorem,equivalenceClosure_relationUnion_eq_of_left,VennDiagrams.equivalenceClosure_relationUnion_eq_of_left,theorem equivalenceClosure_relationUnion_eq_of_left
S05.D050,S05,VennDiagrams.S05_SufficiencyConditionality,VennDiagrams/S05_SufficiencyConditionality.lean,2107,def,lowerTail,VennDiagrams.lowerTail,def lowerTail {X : Type u} {Score : Type z} [Preorder Score]
S05.D051,S05,VennDiagrams.S05_SufficiencyConditionality,VennDiagrams/S05_SufficiencyConditionality.lean,2112,def,lowerTailMass,VennDiagrams.lowerTailMass,noncomputable def lowerTailMass {X : Type u} {Score : Type z}
S05.D052,S05,VennDiagrams.S05_SufficiencyConditionality,VennDiagrams/S05_SufficiencyConditionality.lean,2119,def,finiteLowerTailPValue,VennDiagrams.finiteLowerTailPValue,noncomputable def finiteLowerTailPValue {X : Type u} {Θ : Type v}
S05.R092,S05,VennDiagrams.S05_SufficiencyConditionality,VennDiagrams/S05_SufficiencyConditionality.lean,2127,theorem,lowerTail_image_equiv,VennDiagrams.lowerTail_image_equiv,theorem lowerTail_image_equiv
S05.R093,S05,VennDiagrams.S05_SufficiencyConditionality,VennDiagrams/S05_SufficiencyConditionality.lean,2147,theorem,lowerTailMass_equiv,VennDiagrams.lowerTailMass_equiv,theorem lowerTailMass_equiv
S05.R094,S05,VennDiagrams.S05_SufficiencyConditionality,VennDiagrams/S05_SufficiencyConditionality.lean,2170,theorem,finiteLowerTailPValue_equiv,VennDiagrams.finiteLowerTailPValue_equiv,theorem finiteLowerTailPValue_equiv
S05.R095,S05,VennDiagrams.S05_SufficiencyConditionality,VennDiagrams/S05_SufficiencyConditionality.lean,2189,theorem,finite_bijection_lowerTail_score_mass_transport,VennDiagrams.finite_bijection_lowerTail_score_mass_transport,theorem finite_bijection_lowerTail_score_mass_transport
S05.R096,S05,VennDiagrams.S05_SufficiencyConditionality,VennDiagrams/S05_SufficiencyConditionality.lean,2215,theorem,maxLikelihoodOn_equiv,VennDiagrams.maxLikelihoodOn_equiv,theorem maxLikelihoodOn_equiv
S05.R097,S05,VennDiagrams.S05_SufficiencyConditionality,VennDiagrams/S05_SufficiencyConditionality.lean,2230,theorem,extendedLikelihoodRatio_equiv,VennDiagrams.extendedLikelihoodRatio_equiv,theorem extendedLikelihoodRatio_equiv
S05.R098,S05,VennDiagrams.S05_SufficiencyConditionality,VennDiagrams/S05_SufficiencyConditionality.lean,2245,theorem,lowerTailProbability_eq_lowerTailMass,VennDiagrams.lowerTailProbability_eq_lowerTailMass,theorem lowerTailProbability_eq_lowerTailMass
S05.R099,S05,VennDiagrams.S05_SufficiencyConditionality,VennDiagrams/S05_SufficiencyConditionality.lean,2257,theorem,lowerTailLRPValue_equiv,VennDiagrams.lowerTailLRPValue_equiv,theorem lowerTailLRPValue_equiv
S05.R100,S05,VennDiagrams.S05_SufficiencyConditionality,VennDiagrams/S05_SufficiencyConditionality.lean,2278,theorem,extended_lr_region_and_pvalue_transport,VennDiagrams.extended_lr_region_and_pvalue_transport,theorem extended_lr_region_and_pvalue_transport
S05.R101,S05,VennDiagrams.S05_SufficiencyConditionality,VennDiagrams/S05_SufficiencyConditionality.lean,2298,theorem,lowerTailLRPValue_eq_of_sufficiency_relabelling,VennDiagrams.lowerTailLRPValue_eq_of_sufficiency_relabelling,theorem lowerTailLRPValue_eq_of_sufficiency_relabelling
S05.R102,S05,VennDiagrams.S05_SufficiencyConditionality,VennDiagrams/S05_SufficiencyConditionality.lean,2328,theorem,packedLowerTailLRPValue_eq_reduced,VennDiagrams.packedLowerTailLRPValue_eq_reduced,theorem packedLowerTailLRPValue_eq_reduced
S05.R103,S05,VennDiagrams.S05_SufficiencyConditionality,VennDiagrams/S05_SufficiencyConditionality.lean,2348,theorem,packedLowerTailLRPValueProcedure_preserves_sufficiency,VennDiagrams.packedLowerTailLRPValueProcedure_preserves_sufficiency,theorem packedLowerTailLRPValueProcedure_preserves_sufficiency
S05.D053,S05,VennDiagrams.S05_SufficiencyConditionality,VennDiagrams/S05_SufficiencyConditionality.lean,2399,def,eventMass,VennDiagrams.ReducedStable.eventMass,noncomputable def eventMass (E : FiniteModel Theta X) (theta : Theta)
S05.D054,S05,VennDiagrams.S05_SufficiencyConditionality,VennDiagrams/S05_SufficiencyConditionality.lean,2402,def,AncillaryEvent,VennDiagrams.ReducedStable.AncillaryEvent,def AncillaryEvent (E : FiniteModel Theta X) (s : Finset X) : Prop :=
S05.D055,S05,VennDiagrams.S05_SufficiencyConditionality,VennDiagrams/S05_SufficiencyConditionality.lean,2405,def,CentralEvent,VennDiagrams.ReducedStable.CentralEvent,def CentralEvent (E : FiniteModel Theta X) (s : Finset X) : Prop :=
S05.D056,S05,VennDiagrams.S05_SufficiencyConditionality,VennDiagrams/S05_SufficiencyConditionality.lean,2408,def,laminalCell,VennDiagrams.ReducedStable.laminalCell,noncomputable def laminalCell (E : FiniteModel Theta X) (x : X) : Finset X := by
S05.D057,S05,VennDiagrams.S05_SufficiencyConditionality,VennDiagrams/S05_SufficiencyConditionality.lean,2413,def,laminalConditionalPMF,VennDiagrams.ReducedStable.laminalConditionalPMF,noncomputable def laminalConditionalPMF (E : FiniteModel Theta X) (x : X)
S05.R104,S05,VennDiagrams.S05_SufficiencyConditionality,VennDiagrams/S05_SufficiencyConditionality.lean,2419,theorem,eventMass_univ,VennDiagrams.ReducedStable.eventMass_univ,@[simp] theorem eventMass_univ (E : FiniteModel Theta X) (theta : Theta) :
S05.R105,S05,VennDiagrams.S05_SufficiencyConditionality,VennDiagrams/S05_SufficiencyConditionality.lean,2422,theorem,eventMass_nonneg,VennDiagrams.ReducedStable.eventMass_nonneg,theorem eventMass_nonneg (E : FiniteModel Theta X) (theta : Theta) (s : Finset X) :
S05.R106,S05,VennDiagrams.S05_SufficiencyConditionality,VennDiagrams/S05_SufficiencyConditionality.lean,2426,theorem,eventMass_mono,VennDiagrams.ReducedStable.eventMass_mono,theorem eventMass_mono (E : FiniteModel Theta X) (theta : Theta)
S05.R107,S05,VennDiagrams.S05_SufficiencyConditionality,VennDiagrams/S05_SufficiencyConditionality.lean,2432,theorem,eventMass_inter_add_sdiff,VennDiagrams.ReducedStable.eventMass_inter_add_sdiff,theorem eventMass_inter_add_sdiff (E : FiniteModel Theta X) (theta : Theta)
S05.R108,S05,VennDiagrams.S05_SufficiencyConditionality,VennDiagrams/S05_SufficiencyConditionality.lean,2438,theorem,ancillaryEvent_univ,VennDiagrams.ReducedStable.ancillaryEvent_univ,theorem ancillaryEvent_univ (E : FiniteModel Theta X) : AncillaryEvent E univ := by
S05.R109,S05,VennDiagrams.S05_SufficiencyConditionality,VennDiagrams/S05_SufficiencyConditionality.lean,2442,theorem,ancillaryEvent_sdiff,VennDiagrams.ReducedStable.ancillaryEvent_sdiff,theorem ancillaryEvent_sdiff (E : FiniteModel Theta X) (s t : Finset X)
S05.R110,S05,VennDiagrams.S05_SufficiencyConditionality,VennDiagrams/S05_SufficiencyConditionality.lean,2451,theorem,ancillaryEvent_compl,VennDiagrams.ReducedStable.ancillaryEvent_compl,theorem ancillaryEvent_compl (E : FiniteModel Theta X) (s : Finset X)
S05.R111,S05,VennDiagrams.S05_SufficiencyConditionality,VennDiagrams/S05_SufficiencyConditionality.lean,2457,theorem,centralEvent_univ,VennDiagrams.ReducedStable.centralEvent_univ,theorem centralEvent_univ (E : FiniteModel Theta X) : CentralEvent E univ := by
S05.R112,S05,VennDiagrams.S05_SufficiencyConditionality,VennDiagrams/S05_SufficiencyConditionality.lean,2462,theorem,centralEvent_compl,VennDiagrams.ReducedStable.centralEvent_compl,theorem centralEvent_compl (E : FiniteModel Theta X) (s : Finset X)
S05.R113,S05,VennDiagrams.S05_SufficiencyConditionality,VennDiagrams/S05_SufficiencyConditionality.lean,2472,theorem,centralEvent_inter,VennDiagrams.ReducedStable.centralEvent_inter,theorem centralEvent_inter (E : FiniteModel Theta X) (s t : Finset X)
S05.R114,S05,VennDiagrams.S05_SufficiencyConditionality,VennDiagrams/S05_SufficiencyConditionality.lean,2479,theorem,centralEvent_finiteIntersection,VennDiagrams.ReducedStable.centralEvent_finiteIntersection,theorem centralEvent_finiteIntersection (E : FiniteModel Theta X)
S05.R115,S05,VennDiagrams.S05_SufficiencyConditionality,VennDiagrams/S05_SufficiencyConditionality.lean,2494,theorem,mem_laminalCell_iff,VennDiagrams.ReducedStable.mem_laminalCell_iff,@[simp] theorem mem_laminalCell_iff (E : FiniteModel Theta X) (x y : X) :
S05.R116,S05,VennDiagrams.S05_SufficiencyConditionality,VennDiagrams/S05_SufficiencyConditionality.lean,2500,theorem,laminalCell_eq_intersection,VennDiagrams.ReducedStable.laminalCell_eq_intersection,theorem laminalCell_eq_intersection (E : FiniteModel Theta X) (x : X) :
S05.R117,S05,VennDiagrams.S05_SufficiencyConditionality,VennDiagrams/S05_SufficiencyConditionality.lean,2519,theorem,laminalCell_central,VennDiagrams.ReducedStable.laminalCell_central,theorem laminalCell_central (E : FiniteModel Theta X) (x : X) :
S05.R118,S05,VennDiagrams.S05_SufficiencyConditionality,VennDiagrams/S05_SufficiencyConditionality.lean,2527,theorem,laminalCell_ancillary,VennDiagrams.ReducedStable.laminalCell_ancillary,theorem laminalCell_ancillary (E : FiniteModel Theta X) (x : X) :
S05.R119,S05,VennDiagrams.S05_SufficiencyConditionality,VennDiagrams/S05_SufficiencyConditionality.lean,2530,theorem,laminalCell_subset_central,VennDiagrams.ReducedStable.laminalCell_subset_central,theorem laminalCell_subset_central (E : FiniteModel Theta X) (x : X)
S05.R120,S05,VennDiagrams.S05_SufficiencyConditionality,VennDiagrams/S05_SufficiencyConditionality.lean,2535,theorem,mem_laminalCell_self,VennDiagrams.ReducedStable.mem_laminalCell_self,@[simp] theorem mem_laminalCell_self (E : FiniteModel Theta X) (x : X) :
S05.R121,S05,VennDiagrams.S05_SufficiencyConditionality,VennDiagrams/S05_SufficiencyConditionality.lean,2541,theorem,mem_laminalCell_symm,VennDiagrams.ReducedStable.mem_laminalCell_symm,theorem mem_laminalCell_symm (E : FiniteModel Theta X) {x y : X}
S05.R122,S05,VennDiagrams.S05_SufficiencyConditionality,VennDiagrams/S05_SufficiencyConditionality.lean,2547,theorem,mem_laminalCell_trans,VennDiagrams.ReducedStable.mem_laminalCell_trans,theorem mem_laminalCell_trans (E : FiniteModel Theta X) {x y z : X}
S05.R123,S05,VennDiagrams.S05_SufficiencyConditionality,VennDiagrams/S05_SufficiencyConditionality.lean,2554,theorem,laminalCell_eq_of_mem,VennDiagrams.ReducedStable.laminalCell_eq_of_mem,theorem laminalCell_eq_of_mem (E : FiniteModel Theta X) {x y : X}
S05.R124,S05,VennDiagrams.S05_SufficiencyConditionality,VennDiagrams/S05_SufficiencyConditionality.lean,2561,theorem,laminalCell_eq_iff,VennDiagrams.ReducedStable.laminalCell_eq_iff,theorem laminalCell_eq_iff (E : FiniteModel Theta X) (x y : X) :
S05.R125,S05,VennDiagrams.S05_SufficiencyConditionality,VennDiagrams/S05_SufficiencyConditionality.lean,2569,theorem,laminalCell_fiber,VennDiagrams.ReducedStable.laminalCell_fiber,theorem laminalCell_fiber (E : FiniteModel Theta X) (x : X) :
S05.R126,S05,VennDiagrams.S05_SufficiencyConditionality,VennDiagrams/S05_SufficiencyConditionality.lean,2577,theorem,laminalStatistic_ancillary,VennDiagrams.ReducedStable.laminalStatistic_ancillary,theorem laminalStatistic_ancillary (E : FiniteModel Theta X) :
S05.R127,S05,VennDiagrams.S05_SufficiencyConditionality,VennDiagrams/S05_SufficiencyConditionality.lean,2598,theorem,statistic_eq_of_laminalCell_eq,VennDiagrams.ReducedStable.statistic_eq_of_laminalCell_eq,theorem statistic_eq_of_laminalCell_eq (E : FiniteModel Theta X)
S05.R128,S05,VennDiagrams.S05_SufficiencyConditionality,VennDiagrams/S05_SufficiencyConditionality.lean,2607,theorem,laminalCell_mass_pos,VennDiagrams.ReducedStable.laminalCell_mass_pos,theorem laminalCell_mass_pos (E : FiniteModel Theta X)
S05.R129,S05,VennDiagrams.S05_SufficiencyConditionality,VennDiagrams/S05_SufficiencyConditionality.lean,2616,theorem,laminalConditionalPMF_nonneg,VennDiagrams.ReducedStable.laminalConditionalPMF_nonneg,theorem laminalConditionalPMF_nonneg (E : FiniteModel Theta X) (x : X)
S05.R130,S05,VennDiagrams.S05_SufficiencyConditionality,VennDiagrams/S05_SufficiencyConditionality.lean,2624,theorem,laminalConditionalPMF_sum_one,VennDiagrams.ReducedStable.laminalConditionalPMF_sum_one,theorem laminalConditionalPMF_sum_one (E : FiniteModel Theta X)
S05.D058,S05,VennDiagrams.S05_SufficiencyConditionality,VennDiagrams/S05_SufficiencyConditionality.lean,2634,def,laminalConditionalModel,VennDiagrams.ReducedStable.laminalConditionalModel,noncomputable def laminalConditionalModel (E : FiniteModel Theta X)
S05.R131,S05,VennDiagrams.S05_SufficiencyConditionality,VennDiagrams/S05_SufficiencyConditionality.lean,2657,theorem,centralEvent_conditional_invariance,VennDiagrams.ReducedStable.centralEvent_conditional_invariance,theorem centralEvent_conditional_invariance
S05.R132,S05,VennDiagrams.S05_SufficiencyConditionality,VennDiagrams/S05_SufficiencyConditionality.lean,2668,theorem,centralEvent_iff_conditional_invariance,VennDiagrams.ReducedStable.centralEvent_iff_conditional_invariance,theorem centralEvent_iff_conditional_invariance
S05.R133,S05,VennDiagrams.S05_SufficiencyConditionality,VennDiagrams/S05_SufficiencyConditionality.lean,2695,theorem,ancillaryEvent_fiber,VennDiagrams.ReducedStable.ancillaryEvent_fiber,theorem ancillaryEvent_fiber
S05.D059,S05,VennDiagrams.S05_SufficiencyConditionality,VennDiagrams/S05_SufficiencyConditionality.lean,2706,def,reweightedEventMass,VennDiagrams.ReducedStable.reweightedEventMass,noncomputable def reweightedEventMass
S05.R134,S05,VennDiagrams.S05_SufficiencyConditionality,VennDiagrams/S05_SufficiencyConditionality.lean,2717,theorem,centralEvent_reweighting_invariant,VennDiagrams.ReducedStable.centralEvent_reweighting_invariant,theorem centralEvent_reweighting_invariant
S05.R135,S05,VennDiagrams.S05_SufficiencyConditionality,VennDiagrams/S05_SufficiencyConditionality.lean,2744,theorem,eventMass_map_equiv,VennDiagrams.ReducedStable.eventMass_map_equiv,theorem eventMass_map_equiv
S05.R136,S05,VennDiagrams.S05_SufficiencyConditionality,VennDiagrams/S05_SufficiencyConditionality.lean,2753,theorem,AncillaryEvent_map_equiv_iff,VennDiagrams.ReducedStable.AncillaryEvent_map_equiv_iff,theorem AncillaryEvent_map_equiv_iff
S05.R137,S05,VennDiagrams.S05_SufficiencyConditionality,VennDiagrams/S05_SufficiencyConditionality.lean,2762,theorem,CentralEvent_map_equiv_iff,VennDiagrams.ReducedStable.CentralEvent_map_equiv_iff,theorem CentralEvent_map_equiv_iff
S05.R138,S05,VennDiagrams.S05_SufficiencyConditionality,VennDiagrams/S05_SufficiencyConditionality.lean,2795,theorem,mem_laminalCell_equiv,VennDiagrams.ReducedStable.mem_laminalCell_equiv,theorem mem_laminalCell_equiv
S05.R139,S05,VennDiagrams.S05_SufficiencyConditionality,VennDiagrams/S05_SufficiencyConditionality.lean,2816,theorem,laminalCell_equiv,VennDiagrams.ReducedStable.laminalCell_equiv,theorem laminalCell_equiv
S05.R140,S05,VennDiagrams.S05_SufficiencyConditionality,VennDiagrams/S05_SufficiencyConditionality.lean,2827,theorem,eventMass_laminalCell_equiv,VennDiagrams.ReducedStable.eventMass_laminalCell_equiv,theorem eventMass_laminalCell_equiv
S05.R141,S05,VennDiagrams.S05_SufficiencyConditionality,VennDiagrams/S05_SufficiencyConditionality.lean,2838,theorem,laminalConditionalPMF_equiv,VennDiagrams.ReducedStable.laminalConditionalPMF_equiv,theorem laminalConditionalPMF_equiv
S05.R142,S05,VennDiagrams.S05_SufficiencyConditionality,VennDiagrams/S05_SufficiencyConditionality.lean,2858,theorem,PackedFiniteStatistic.inducedModel_all_effective,VennDiagrams.PackedFiniteStatistic.inducedModel_all_effective,theorem PackedFiniteStatistic.inducedModel_all_effective
S05.D060,S05,VennDiagrams.S05_SufficiencyConditionality,VennDiagrams/S05_SufficiencyConditionality.lean,2883,def,packedFiniteReducedStableConditionalityRelation,VennDiagrams.packedFiniteReducedStableConditionalityRelation,def packedFiniteReducedStableConditionalityRelation
S05.R143,S05,VennDiagrams.S05_SufficiencyConditionality,VennDiagrams/S05_SufficiencyConditionality.lean,2908,theorem,packedFiniteSufficiencyRelation_le_reducedStableConditionality,VennDiagrams.packedFiniteSufficiencyRelation_le_reducedStableConditionality,theorem packedFiniteSufficiencyRelation_le_reducedStableConditionality
S05.R144,S05,VennDiagrams.S05_SufficiencyConditionality,VennDiagrams/S05_SufficiencyConditionality.lean,2928,theorem,packedFiniteReducedStableConditionalityRelation_reflexive,VennDiagrams.packedFiniteReducedStableConditionalityRelation_reflexive,theorem packedFiniteReducedStableConditionalityRelation_reflexive
S05.R145,S05,VennDiagrams.S05_SufficiencyConditionality,VennDiagrams/S05_SufficiencyConditionality.lean,2936,theorem,packedFiniteReducedStableConditionalityRelation_symmetric,VennDiagrams.packedFiniteReducedStableConditionalityRelation_symmetric,theorem packedFiniteReducedStableConditionalityRelation_symmetric
S05.R146,S05,VennDiagrams.S05_SufficiencyConditionality,VennDiagrams/S05_SufficiencyConditionality.lean,2958,theorem,proportional_of_subsingleton_parameter,VennDiagrams.proportional_of_subsingleton_parameter,theorem proportional_of_subsingleton_parameter
S05.R147,S05,VennDiagrams.S05_SufficiencyConditionality,VennDiagrams/S05_SufficiencyConditionality.lean,2972,theorem,packed_likelihood_universal_of_subsingleton_parameter,VennDiagrams.packed_likelihood_universal_of_subsingleton_parameter,theorem packed_likelihood_universal_of_subsingleton_parameter
S05.D061,S05,VennDiagrams.S05_SufficiencyConditionality,VennDiagrams/S05_SufficiencyConditionality.lean,2978,def,packedConstantStatistic,VennDiagrams.packedConstantStatistic,def packedConstantStatistic
S05.R148,S05,VennDiagrams.S05_SufficiencyConditionality,VennDiagrams/S05_SufficiencyConditionality.lean,2989,theorem,packed_constant_minimal_of_subsingleton_parameter,VennDiagrams.packed_constant_minimal_of_subsingleton_parameter,theorem packed_constant_minimal_of_subsingleton_parameter
S05.R149,S05,VennDiagrams.S05_SufficiencyConditionality,VennDiagrams/S05_SufficiencyConditionality.lean,3004,theorem,packed_sufficiency_universal_of_subsingleton_parameter,VennDiagrams.packed_sufficiency_universal_of_subsingleton_parameter,theorem packed_sufficiency_universal_of_subsingleton_parameter
S05.R150,S05,VennDiagrams.S05_SufficiencyConditionality,VennDiagrams/S05_SufficiencyConditionality.lean,3021,theorem,packed_sufficiency_eq_likelihood_of_subsingleton_parameter,VennDiagrams.packed_sufficiency_eq_likelihood_of_subsingleton_parameter,theorem packed_sufficiency_eq_likelihood_of_subsingleton_parameter
S05.R151,S05,VennDiagrams.S05_SufficiencyConditionality,VennDiagrams/S05_SufficiencyConditionality.lean,3029,theorem,packed_BT1_strictness_false_of_subsingleton_parameter,VennDiagrams.packed_BT1_strictness_false_of_subsingleton_parameter,theorem packed_BT1_strictness_false_of_subsingleton_parameter
S05.R152,S05,VennDiagrams.S05_SufficiencyConditionality,VennDiagrams/S05_SufficiencyConditionality.lean,3037,theorem,no_partition_of_subsingleton_parameter,VennDiagrams.no_partition_of_subsingleton_parameter,theorem no_partition_of_subsingleton_parameter
S05.D062,S05,VennDiagrams.S05_SufficiencyConditionality,VennDiagrams/S05_SufficiencyConditionality.lean,3046,def,parameterFreeCoinModel,VennDiagrams.parameterFreeCoinModel,noncomputable def parameterFreeCoinModel
S05.D063,S05,VennDiagrams.S05_SufficiencyConditionality,VennDiagrams/S05_SufficiencyConditionality.lean,3053,def,packedParameterFreeCoin,VennDiagrams.packedParameterFreeCoin,noncomputable def packedParameterFreeCoin
S05.R153,S05,VennDiagrams.S05_SufficiencyConditionality,VennDiagrams/S05_SufficiencyConditionality.lean,3073,theorem,parameterFreeCoin_minimal,VennDiagrams.parameterFreeCoin_minimal,theorem parameterFreeCoin_minimal
S05.R154,S05,VennDiagrams.S05_SufficiencyConditionality,VennDiagrams/S05_SufficiencyConditionality.lean,3083,theorem,parameterFreeCoin_in_sufficiency_not_conditionality,VennDiagrams.parameterFreeCoin_in_sufficiency_not_conditionality,theorem parameterFreeCoin_in_sufficiency_not_conditionality
S05.R155,S05,VennDiagrams.S05_SufficiencyConditionality,VennDiagrams/S05_SufficiencyConditionality.lean,3107,theorem,packed_sufficiency_not_le_conditionality_all_parameters,VennDiagrams.packed_sufficiency_not_le_conditionality_all_parameters,theorem packed_sufficiency_not_le_conditionality_all_parameters
S05.R156,S05,VennDiagrams.S05_SufficiencyConditionality,VennDiagrams/S05_SufficiencyConditionality.lean,3115,theorem,packed_reduced_stable_not_le_conditionality_all_parameters,VennDiagrams.packed_reduced_stable_not_le_conditionality_all_parameters,theorem packed_reduced_stable_not_le_conditionality_all_parameters
S05.R157,S05,VennDiagrams.S05_SufficiencyConditionality,VennDiagrams/S05_SufficiencyConditionality.lean,3123,theorem,packed_conditionality_le_sufficiency_of_subsingleton_parameter,VennDiagrams.packed_conditionality_le_sufficiency_of_subsingleton_parameter,theorem packed_conditionality_le_sufficiency_of_subsingleton_parameter
S05.R158,S05,VennDiagrams.S05_SufficiencyConditionality,VennDiagrams/S05_SufficiencyConditionality.lean,3130,theorem,packed_conditionality_not_transitive_all_parameters,VennDiagrams.packed_conditionality_not_transitive_all_parameters,theorem packed_conditionality_not_transitive_all_parameters
S05.R159,S05,VennDiagrams.S05_SufficiencyConditionality,VennDiagrams/S05_SufficiencyConditionality.lean,3146,theorem,packed_reduced_stable_universal_of_subsingleton_parameter,VennDiagrams.packed_reduced_stable_universal_of_subsingleton_parameter,theorem packed_reduced_stable_universal_of_subsingleton_parameter
S06.D001,S06,VennDiagrams.S06_PaperSignatures,VennDiagrams/S06_PaperSignatures.lean,29,structure,EvansPremises,VennDiagrams.Certification.PaperSignature.EvansPremises,structure EvansPremises {ι : Type u}
S06.D002,S06,VennDiagrams.S06_PaperSignatures,VennDiagrams/S06_PaperSignatures.lean,39,structure,EvansJointStrictPremise,VennDiagrams.Certification.PaperSignature.EvansJointStrictPremise,structure EvansJointStrictPremise {ι : Type u}
S06.R001,S06,VennDiagrams.S06_PaperSignatures,VennDiagrams/S06_PaperSignatures.lean,44,theorem,EvansPremises.conditionality_le_likelihood,VennDiagrams.Certification.PaperSignature.EvansPremises.conditionality_le_likelihood,theorem EvansPremises.conditionality_le_likelihood
S06.R002,S06,VennDiagrams.S06_PaperSignatures,VennDiagrams/S06_PaperSignatures.lean,52,theorem,EvansPremises.joint_strict_inclusion,VennDiagrams.Certification.PaperSignature.EvansPremises.joint_strict_inclusion,theorem EvansPremises.joint_strict_inclusion
S06.R003,S06,VennDiagrams.S06_PaperSignatures,VennDiagrams/S06_PaperSignatures.lean,61,theorem,definition_procedure_output,VennDiagrams.Certification.PaperSignature.definition_procedure_output,theorem definition_procedure_output {ι : Type u} {A : Type v}
S06.R004,S06,VennDiagrams.S06_PaperSignatures,VennDiagrams/S06_PaperSignatures.lean,67,theorem,definition_preserves_relation,VennDiagrams.Certification.PaperSignature.definition_preserves_relation,theorem definition_preserves_relation {ι : Type u} {A : Type v}
S06.R005,S06,VennDiagrams.S06_PaperSignatures,VennDiagrams/S06_PaperSignatures.lean,73,theorem,definition_joint_preservation,VennDiagrams.Certification.PaperSignature.definition_joint_preservation,theorem definition_joint_preservation {ι : Type u} {A : Type v}
S06.R006,S06,VennDiagrams.S06_PaperSignatures,VennDiagrams/S06_PaperSignatures.lean,82,theorem,lemma_bl1_equivalence_closure,VennDiagrams.Certification.PaperSignature.lemma_bl1_equivalence_closure,theorem lemma_bl1_equivalence_closure {ι : Type u}
S06.R007,S06,VennDiagrams.S06_PaperSignatures,VennDiagrams/S06_PaperSignatures.lean,88,theorem,lemma_bl3_disjoint_classes,VennDiagrams.Certification.PaperSignature.lemma_bl3_disjoint_classes,theorem lemma_bl3_disjoint_classes {ι : Type u}
S06.R008,S06,VennDiagrams.S06_PaperSignatures,VennDiagrams/S06_PaperSignatures.lean,97,theorem,lemma_a_preserving_classes,VennDiagrams.Certification.PaperSignature.lemma_a_preserving_classes,theorem lemma_a_preserving_classes {ι : Type u} {A : Type v}
S06.R009,S06,VennDiagrams.S06_PaperSignatures,VennDiagrams/S06_PaperSignatures.lean,107,theorem,lemma_b_strict_antitone,VennDiagrams.Certification.PaperSignature.lemma_b_strict_antitone,theorem lemma_b_strict_antitone {ι : Type u} {A : Type v} [Nonempty A]
S06.R010,S06,VennDiagrams.S06_PaperSignatures,VennDiagrams/S06_PaperSignatures.lean,115,theorem,lemma_FT_preservation_closure,VennDiagrams.Certification.PaperSignature.lemma_FT_preservation_closure,theorem lemma_FT_preservation_closure {ι : Type u} {A : Type v}
S06.R011,S06,VennDiagrams.S06_PaperSignatures,VennDiagrams/S06_PaperSignatures.lean,120,theorem,theorem_BT1_procedure_classes_of_premises,VennDiagrams.Certification.PaperSignature.theorem_BT1_procedure_classes_of_premises,theorem theorem_BT1_procedure_classes_of_premises
S06.R012,S06,VennDiagrams.S06_PaperSignatures,VennDiagrams/S06_PaperSignatures.lean,130,theorem,corollary_BT2_conditional_pairs_of_premises,VennDiagrams.Certification.PaperSignature.corollary_BT2_conditional_pairs_of_premises,theorem corollary_BT2_conditional_pairs_of_premises
S06.R013,S06,VennDiagrams.S06_PaperSignatures,VennDiagrams/S06_PaperSignatures.lean,137,theorem,corollary_BT3_joint_pairs_of_premises,VennDiagrams.Certification.PaperSignature.corollary_BT3_joint_pairs_of_premises,theorem corollary_BT3_joint_pairs_of_premises
S06.R014,S06,VennDiagrams.S06_PaperSignatures,VennDiagrams/S06_PaperSignatures.lean,150,theorem,pvalue_sufficiency_not_likelihood_assembly,VennDiagrams.Certification.PaperSignature.pvalue_sufficiency_not_likelihood_assembly,theorem pvalue_sufficiency_not_likelihood_assembly
S06.R015,S06,VennDiagrams.S06_PaperSignatures,VennDiagrams/S06_PaperSignatures.lean,163,theorem,packed_relation_structure_certificate,VennDiagrams.Certification.PaperSignature.packed_relation_structure_certificate,theorem packed_relation_structure_certificate
S06.D003,S06,VennDiagrams.S06_PaperSignatures,VennDiagrams/S06_PaperSignatures.lean,187,structure,ExactCertificate,VennDiagrams.Certification.PaperSignature.Finite.ExactCertificate,structure ExactCertificate : Prop where
S06.D004,S06,VennDiagrams.S06_PaperSignatures,VennDiagrams/S06_PaperSignatures.lean,223,instance,paperParameterNonempty,VennDiagrams.Certification.PaperSignature.paperParameterNonempty,instance paperParameterNonempty : Nonempty Parameter := ⟨.one⟩
S06.D005,S06,VennDiagrams.S06_PaperSignatures,VennDiagrams/S06_PaperSignatures.lean,235,def,e0OutcomeCode,VennDiagrams.Certification.PaperSignature.PackedRelationExample.e0OutcomeCode,def e0OutcomeCode : E0Outcome → Nat
S06.R016,S06,VennDiagrams.S06_PaperSignatures,VennDiagrams/S06_PaperSignatures.lean,241,theorem,e0OutcomeCode_injective,VennDiagrams.Certification.PaperSignature.PackedRelationExample.e0OutcomeCode_injective,theorem e0OutcomeCode_injective : Function.Injective e0OutcomeCode := by
S06.D006,S06,VennDiagrams.S06_PaperSignatures,VennDiagrams/S06_PaperSignatures.lean,245,def,eStarOutcomeCode,VennDiagrams.Certification.PaperSignature.PackedRelationExample.eStarOutcomeCode,def eStarOutcomeCode : EStarOutcome → Nat
S06.R017,S06,VennDiagrams.S06_PaperSignatures,VennDiagrams/S06_PaperSignatures.lean,252,theorem,eStarOutcomeCode_injective,VennDiagrams.Certification.PaperSignature.PackedRelationExample.eStarOutcomeCode_injective,theorem eStarOutcomeCode_injective : Function.Injective eStarOutcomeCode := by
S06.D007,S06,VennDiagrams.S06_PaperSignatures,VennDiagrams/S06_PaperSignatures.lean,256,def,e3OutcomeCode,VennDiagrams.Certification.PaperSignature.PackedRelationExample.e3OutcomeCode,def e3OutcomeCode : E3Outcome → Nat
S06.R018,S06,VennDiagrams.S06_PaperSignatures,VennDiagrams/S06_PaperSignatures.lean,261,theorem,e3OutcomeCode_injective,VennDiagrams.Certification.PaperSignature.PackedRelationExample.e3OutcomeCode_injective,theorem e3OutcomeCode_injective : Function.Injective e3OutcomeCode := by
S06.D008,S06,VennDiagrams.S06_PaperSignatures,VennDiagrams/S06_PaperSignatures.lean,266,def,e0RealPmf,VennDiagrams.Certification.PaperSignature.PackedRelationExample.e0RealPmf,def e0RealPmf (theta : Parameter) (x : E0Outcome) : ℝ := e0 theta x
S06.D009,S06,VennDiagrams.S06_PaperSignatures,VennDiagrams/S06_PaperSignatures.lean,267,def,eTRealPmf,VennDiagrams.Certification.PaperSignature.PackedRelationExample.eTRealPmf,def eTRealPmf (theta : Parameter) (t : TOutcome) : ℝ := eT theta t
S06.D010,S06,VennDiagrams.S06_PaperSignatures,VennDiagrams/S06_PaperSignatures.lean,268,def,eStarRealPmf,VennDiagrams.Certification.PaperSignature.PackedRelationExample.eStarRealPmf,def eStarRealPmf (theta : Parameter) (x : EStarOutcome) : ℝ := eStar theta x
S06.D011,S06,VennDiagrams.S06_PaperSignatures,VennDiagrams/S06_PaperSignatures.lean,269,def,e3RealPmf,VennDiagrams.Certification.PaperSignature.PackedRelationExample.e3RealPmf,def e3RealPmf (theta : Parameter) (x : E3Outcome) : ℝ := e3 theta x
S06.D012,S06,VennDiagrams.S06_PaperSignatures,VennDiagrams/S06_PaperSignatures.lean,271,def,e0FiniteModel,VennDiagrams.Certification.PaperSignature.PackedRelationExample.e0FiniteModel,def e0FiniteModel : FiniteModel Parameter E0Outcome where
S06.D013,S06,VennDiagrams.S06_PaperSignatures,VennDiagrams/S06_PaperSignatures.lean,280,def,eTFiniteModel,VennDiagrams.Certification.PaperSignature.PackedRelationExample.eTFiniteModel,def eTFiniteModel : FiniteModel Parameter TOutcome where
S06.D014,S06,VennDiagrams.S06_PaperSignatures,VennDiagrams/S06_PaperSignatures.lean,291,def,eStarFiniteModel,VennDiagrams.Certification.PaperSignature.PackedRelationExample.eStarFiniteModel,def eStarFiniteModel : FiniteModel Parameter EStarOutcome where
S06.D015,S06,VennDiagrams.S06_PaperSignatures,VennDiagrams/S06_PaperSignatures.lean,300,def,e3FiniteModel,VennDiagrams.Certification.PaperSignature.PackedRelationExample.e3FiniteModel,def e3FiniteModel : FiniteModel Parameter E3Outcome where
S06.R019,S06,VennDiagrams.S06_PaperSignatures,VennDiagrams/S06_PaperSignatures.lean,311,theorem,proportional_iff_cross,VennDiagrams.Certification.PaperSignature.PackedRelationExample.proportional_iff_cross,theorem proportional_iff_cross (f g : Parameter → ℝ)
S06.R020,S06,VennDiagrams.S06_PaperSignatures,VennDiagrams/S06_PaperSignatures.lean,326,theorem,e0Real_minimal,VennDiagrams.Certification.PaperSignature.PackedRelationExample.e0Real_minimal,theorem e0Real_minimal (x y : E0Outcome) :
S06.R021,S06,VennDiagrams.S06_PaperSignatures,VennDiagrams/S06_PaperSignatures.lean,338,theorem,mStatistic_likelihoodFiberCriterion,VennDiagrams.Certification.PaperSignature.PackedRelationExample.mStatistic_likelihoodFiberCriterion,theorem mStatistic_likelihoodFiberCriterion :
S06.R022,S06,VennDiagrams.S06_PaperSignatures,VennDiagrams/S06_PaperSignatures.lean,350,theorem,mTStatistic_likelihoodFiberCriterion,VennDiagrams.Certification.PaperSignature.PackedRelationExample.mTStatistic_likelihoodFiberCriterion,theorem mTStatistic_likelihoodFiberCriterion :
S06.R023,S06,VennDiagrams.S06_PaperSignatures,VennDiagrams/S06_PaperSignatures.lean,365,theorem,e0FiniteModel_all_outcomes_effective,VennDiagrams.Certification.PaperSignature.PackedRelationExample.e0FiniteModel_all_outcomes_effective,theorem e0FiniteModel_all_outcomes_effective :
S06.R024,S06,VennDiagrams.S06_PaperSignatures,VennDiagrams/S06_PaperSignatures.lean,371,theorem,eTFiniteModel_all_outcomes_effective,VennDiagrams.Certification.PaperSignature.PackedRelationExample.eTFiniteModel_all_outcomes_effective,theorem eTFiniteModel_all_outcomes_effective :
S06.R025,S06,VennDiagrams.S06_PaperSignatures,VennDiagrams/S06_PaperSignatures.lean,381,theorem,mStatistic_isFiniteMinimalSufficient,VennDiagrams.Certification.PaperSignature.PackedRelationExample.mStatistic_isFiniteMinimalSufficient,theorem mStatistic_isFiniteMinimalSufficient :
S06.R026,S06,VennDiagrams.S06_PaperSignatures,VennDiagrams/S06_PaperSignatures.lean,389,theorem,mTStatistic_isFiniteMinimalSufficient,VennDiagrams.Certification.PaperSignature.PackedRelationExample.mTStatistic_isFiniteMinimalSufficient,theorem mTStatistic_isFiniteMinimalSufficient :
S06.R027,S06,VennDiagrams.S06_PaperSignatures,VennDiagrams/S06_PaperSignatures.lean,395,theorem,eStarReal_minimal,VennDiagrams.Certification.PaperSignature.PackedRelationExample.eStarReal_minimal,theorem eStarReal_minimal (x y : EStarOutcome) :
S06.R028,S06,VennDiagrams.S06_PaperSignatures,VennDiagrams/S06_PaperSignatures.lean,405,theorem,e3Real_minimal,VennDiagrams.Certification.PaperSignature.PackedRelationExample.e3Real_minimal,theorem e3Real_minimal (x y : E3Outcome) :
S06.D016,S06,VennDiagrams.S06_PaperSignatures,VennDiagrams/S06_PaperSignatures.lean,416,def,packedE0X00,VennDiagrams.Certification.PaperSignature.PackedRelationExample.packedE0X00,def packedE0X00 : PackedFiniteInferenceBase Parameter where
S06.D017,S06,VennDiagrams.S06_PaperSignatures,VennDiagrams/S06_PaperSignatures.lean,429,def,packedE0X11,VennDiagrams.Certification.PaperSignature.PackedRelationExample.packedE0X11,def packedE0X11 : PackedFiniteInferenceBase Parameter where
S06.D018,S06,VennDiagrams.S06_PaperSignatures,VennDiagrams/S06_PaperSignatures.lean,442,def,packedEStarS01,VennDiagrams.Certification.PaperSignature.PackedRelationExample.packedEStarS01,def packedEStarS01 : PackedFiniteInferenceBase Parameter where
S06.D019,S06,VennDiagrams.S06_PaperSignatures,VennDiagrams/S06_PaperSignatures.lean,457,def,packedE3D1,VennDiagrams.Certification.PaperSignature.PackedRelationExample.packedE3D1,def packedE3D1 : PackedFiniteInferenceBase Parameter where
S06.D020,S06,VennDiagrams.S06_PaperSignatures,VennDiagrams/S06_PaperSignatures.lean,470,def,e0StatisticX00,VennDiagrams.Certification.PaperSignature.PackedRelationExample.e0StatisticX00,def e0StatisticX00 : PackedFiniteStatistic packedE0X00 where
S06.D021,S06,VennDiagrams.S06_PaperSignatures,VennDiagrams/S06_PaperSignatures.lean,481,def,e0StatisticX11,VennDiagrams.Certification.PaperSignature.PackedRelationExample.e0StatisticX11,def e0StatisticX11 : PackedFiniteStatistic packedE0X11 where
S06.R029,S06,VennDiagrams.S06_PaperSignatures,VennDiagrams/S06_PaperSignatures.lean,494,theorem,pA_in_packedS,VennDiagrams.Certification.PaperSignature.PackedRelationExample.pA_in_packedS,theorem pA_in_packedS :
S06.R030,S06,VennDiagrams.S06_PaperSignatures,VennDiagrams/S06_PaperSignatures.lean,508,theorem,pA_not_in_packedC,VennDiagrams.Certification.PaperSignature.PackedRelationExample.pA_not_in_packedC,theorem pA_not_in_packedC :
S06.D022,S06,VennDiagrams.S06_PaperSignatures,VennDiagrams/S06_PaperSignatures.lean,523,def,packedE0,VennDiagrams.Certification.PaperSignature.PackedRelationExample.packedE0,def packedE0 (x : E0Outcome) : PackedFiniteInferenceBase Parameter :=
S06.D023,S06,VennDiagrams.S06_PaperSignatures,VennDiagrams/S06_PaperSignatures.lean,528,def,eTOutcomeCode,VennDiagrams.Certification.PaperSignature.PackedRelationExample.eTOutcomeCode,def eTOutcomeCode : TOutcome → Nat
S06.R031,S06,VennDiagrams.S06_PaperSignatures,VennDiagrams/S06_PaperSignatures.lean,533,theorem,eTOutcomeCode_injective,VennDiagrams.Certification.PaperSignature.PackedRelationExample.eTOutcomeCode_injective,theorem eTOutcomeCode_injective : Function.Injective eTOutcomeCode := by
S06.D024,S06,VennDiagrams.S06_PaperSignatures,VennDiagrams/S06_PaperSignatures.lean,537,def,packedET,VennDiagrams.Certification.PaperSignature.PackedRelationExample.packedET,def packedET (t : TOutcome) : PackedFiniteInferenceBase Parameter where
S06.D025,S06,VennDiagrams.S06_PaperSignatures,VennDiagrams/S06_PaperSignatures.lean,548,def,packedMStatistic,VennDiagrams.Certification.PaperSignature.PackedRelationExample.packedMStatistic,def packedMStatistic (x : E0Outcome) : PackedFiniteStatistic (packedE0 x) where
S06.D026,S06,VennDiagrams.S06_PaperSignatures,VennDiagrams/S06_PaperSignatures.lean,559,def,packedMTStatistic,VennDiagrams.Certification.PaperSignature.PackedRelationExample.packedMTStatistic,def packedMTStatistic (t : TOutcome) : PackedFiniteStatistic (packedET t) where
S06.R032,S06,VennDiagrams.S06_PaperSignatures,VennDiagrams/S06_PaperSignatures.lean,570,theorem,m_and_mT_inducedPMF_coincide,VennDiagrams.Certification.PaperSignature.PackedRelationExample.m_and_mT_inducedPMF_coincide,theorem m_and_mT_inducedPMF_coincide (theta : Parameter) (m : BitValue) :
S06.R033,S06,VennDiagrams.S06_PaperSignatures,VennDiagrams/S06_PaperSignatures.lean,580,theorem,packedE0_packedET_sufficiency_of_m_eq,VennDiagrams.Certification.PaperSignature.PackedRelationExample.packedE0_packedET_sufficiency_of_m_eq,theorem packedE0_packedET_sufficiency_of_m_eq
S06.R034,S06,VennDiagrams.S06_PaperSignatures,VennDiagrams/S06_PaperSignatures.lean,588,theorem,packedE0_sufficiency_of_m_eq,VennDiagrams.Certification.PaperSignature.PackedRelationExample.packedE0_sufficiency_of_m_eq,theorem packedE0_sufficiency_of_m_eq
S06.R035,S06,VennDiagrams.S06_PaperSignatures,VennDiagrams/S06_PaperSignatures.lean,597,theorem,six_listed_initial_packedS_memberships,VennDiagrams.Certification.PaperSignature.PackedRelationExample.six_listed_initial_packedS_memberships,theorem six_listed_initial_packedS_memberships :
S06.R036,S06,VennDiagrams.S06_PaperSignatures,VennDiagrams/S06_PaperSignatures.lean,611,theorem,selectorReal_mass,VennDiagrams.Certification.PaperSignature.PackedRelationExample.selectorReal_mass,theorem selectorReal_mass (theta : Parameter) (a : BitValue) :
S06.R037,S06,VennDiagrams.S06_PaperSignatures,VennDiagrams/S06_PaperSignatures.lean,625,theorem,selectorReal_ancillary,VennDiagrams.Certification.PaperSignature.PackedRelationExample.selectorReal_ancillary,theorem selectorReal_ancillary : Ancillary eStarFiniteModel selector := by
S06.R038,S06,VennDiagrams.S06_PaperSignatures,VennDiagrams/S06_PaperSignatures.lean,629,theorem,selectorReal_mass_pos,VennDiagrams.Certification.PaperSignature.PackedRelationExample.selectorReal_mass_pos,theorem selectorReal_mass_pos (theta : Parameter) :
S06.R039,S06,VennDiagrams.S06_PaperSignatures,VennDiagrams/S06_PaperSignatures.lean,634,theorem,embedE3_injective,VennDiagrams.Certification.PaperSignature.PackedRelationExample.embedE3_injective,theorem embedE3_injective : Function.Injective embedE3 := by
S06.R040,S06,VennDiagrams.S06_PaperSignatures,VennDiagrams/S06_PaperSignatures.lean,638,theorem,selector_surjective,VennDiagrams.Certification.PaperSignature.PackedRelationExample.selector_surjective,theorem selector_surjective : Function.Surjective selector := by
S06.R041,S06,VennDiagrams.S06_PaperSignatures,VennDiagrams/S06_PaperSignatures.lean,644,theorem,selector_b0_fiber,VennDiagrams.Certification.PaperSignature.PackedRelationExample.selector_b0_fiber,theorem selector_b0_fiber (y1 : EStarOutcome) :
S06.R042,S06,VennDiagrams.S06_PaperSignatures,VennDiagrams/S06_PaperSignatures.lean,662,theorem,eStar_condition_to_e3_real,VennDiagrams.Certification.PaperSignature.PackedRelationExample.eStar_condition_to_e3_real,theorem eStar_condition_to_e3_real (theta : Parameter) (y : E3Outcome) :
S06.R043,S06,VennDiagrams.S06_PaperSignatures,VennDiagrams/S06_PaperSignatures.lean,674,theorem,pB_in_packedC,VennDiagrams.Certification.PaperSignature.PackedRelationExample.pB_in_packedC,theorem pB_in_packedC :
S06.D027,S06,VennDiagrams.S06_PaperSignatures,VennDiagrams/S06_PaperSignatures.lean,683,def,packedEStar,VennDiagrams.Certification.PaperSignature.PackedRelationExample.packedEStar,def packedEStar (x : EStarOutcome) : PackedFiniteInferenceBase Parameter :=
S06.D028,S06,VennDiagrams.S06_PaperSignatures,VennDiagrams/S06_PaperSignatures.lean,689,def,packedE3,VennDiagrams.Certification.PaperSignature.PackedRelationExample.packedE3,def packedE3 (x : E3Outcome) : PackedFiniteInferenceBase Parameter :=
S06.D029,S06,VennDiagrams.S06_PaperSignatures,VennDiagrams/S06_PaperSignatures.lean,694,def,e4RealPmf,VennDiagrams.Certification.PaperSignature.PackedRelationExample.e4RealPmf,def e4RealPmf (theta : Parameter) (x : E4Outcome) : ℝ := e4 theta x
S06.D030,S06,VennDiagrams.S06_PaperSignatures,VennDiagrams/S06_PaperSignatures.lean,697,def,e4FiniteModel,VennDiagrams.Certification.PaperSignature.PackedRelationExample.e4FiniteModel,def e4FiniteModel : FiniteModel Parameter E4Outcome where
S06.D031,S06,VennDiagrams.S06_PaperSignatures,VennDiagrams/S06_PaperSignatures.lean,709,def,e4OutcomeCode,VennDiagrams.Certification.PaperSignature.PackedRelationExample.e4OutcomeCode,def e4OutcomeCode : E4Outcome → Nat
S06.R044,S06,VennDiagrams.S06_PaperSignatures,VennDiagrams/S06_PaperSignatures.lean,713,theorem,e4OutcomeCode_injective,VennDiagrams.Certification.PaperSignature.PackedRelationExample.e4OutcomeCode_injective,theorem e4OutcomeCode_injective : Function.Injective e4OutcomeCode := by
S06.D032,S06,VennDiagrams.S06_PaperSignatures,VennDiagrams/S06_PaperSignatures.lean,718,def,packedE4,VennDiagrams.Certification.PaperSignature.PackedRelationExample.packedE4,def packedE4 (x : E4Outcome) : PackedFiniteInferenceBase Parameter where
S06.R045,S06,VennDiagrams.S06_PaperSignatures,VennDiagrams/S06_PaperSignatures.lean,735,theorem,embedE4_injective,VennDiagrams.Certification.PaperSignature.PackedRelationExample.embedE4_injective,theorem embedE4_injective : Function.Injective embedE4 := by
S06.R046,S06,VennDiagrams.S06_PaperSignatures,VennDiagrams/S06_PaperSignatures.lean,739,theorem,selector_b1_fiber,VennDiagrams.Certification.PaperSignature.PackedRelationExample.selector_b1_fiber,theorem selector_b1_fiber (y1 : EStarOutcome) :
S06.R047,S06,VennDiagrams.S06_PaperSignatures,VennDiagrams/S06_PaperSignatures.lean,743,theorem,eStar_condition_to_e4_real,VennDiagrams.Certification.PaperSignature.PackedRelationExample.eStar_condition_to_e4_real,theorem eStar_condition_to_e4_real (theta : Parameter) (y : E4Outcome) :
S06.R048,S06,VennDiagrams.S06_PaperSignatures,VennDiagrams/S06_PaperSignatures.lean,756,theorem,packedEStar_packedE3_conditionality,VennDiagrams.Certification.PaperSignature.PackedRelationExample.packedEStar_packedE3_conditionality,theorem packedEStar_packedE3_conditionality (x : E3Outcome) :
S06.R049,S06,VennDiagrams.S06_PaperSignatures,VennDiagrams/S06_PaperSignatures.lean,766,theorem,packedEStar_packedE4_conditionality,VennDiagrams.Certification.PaperSignature.PackedRelationExample.packedEStar_packedE4_conditionality,theorem packedEStar_packedE4_conditionality (x : E4Outcome) :
S06.R050,S06,VennDiagrams.S06_PaperSignatures,VennDiagrams/S06_PaperSignatures.lean,780,theorem,five_listed_hierarchical_packedC_memberships,VennDiagrams.Certification.PaperSignature.PackedRelationExample.five_listed_hierarchical_packedC_memberships,theorem five_listed_hierarchical_packedC_memberships :
S06.R051,S06,VennDiagrams.S06_PaperSignatures,VennDiagrams/S06_PaperSignatures.lean,792,theorem,eStarMinimalClass_surjective,VennDiagrams.Certification.PaperSignature.PackedRelationExample.eStarMinimalClass_surjective,theorem eStarMinimalClass_surjective :
S06.R052,S06,VennDiagrams.S06_PaperSignatures,VennDiagrams/S06_PaperSignatures.lean,801,theorem,e3MinimalClass_surjective,VennDiagrams.Certification.PaperSignature.PackedRelationExample.e3MinimalClass_surjective,theorem e3MinimalClass_surjective :
S06.R053,S06,VennDiagrams.S06_PaperSignatures,VennDiagrams/S06_PaperSignatures.lean,810,theorem,pB_not_in_packedS,VennDiagrams.Certification.PaperSignature.PackedRelationExample.pB_not_in_packedS,theorem pB_not_in_packedS :
S06.D033,S06,VennDiagrams.S06_PaperSignatures,VennDiagrams/S06_PaperSignatures.lean,857,inductive,E0GivenU0Outcome,VennDiagrams.Certification.PaperSignature.PackedRelationExample.E0GivenU0Outcome,inductive E0GivenU0Outcome where
S06.D034,S06,VennDiagrams.S06_PaperSignatures,VennDiagrams/S06_PaperSignatures.lean,862,inductive,E0GivenV0Outcome,VennDiagrams.Certification.PaperSignature.PackedRelationExample.E0GivenV0Outcome,inductive E0GivenV0Outcome where
S06.R054,S06,VennDiagrams.S06_PaperSignatures,VennDiagrams/S06_PaperSignatures.lean,870,theorem,sum_E0GivenU0Outcome,VennDiagrams.Certification.PaperSignature.PackedRelationExample.sum_E0GivenU0Outcome,@[simp] theorem sum_E0GivenU0Outcome {R : Type*} [AddCommMonoid R]
S06.R055,S06,VennDiagrams.S06_PaperSignatures,VennDiagrams/S06_PaperSignatures.lean,875,theorem,sum_E0GivenV0Outcome,VennDiagrams.Certification.PaperSignature.PackedRelationExample.sum_E0GivenV0Outcome,@[simp] theorem sum_E0GivenV0Outcome {R : Type*} [AddCommMonoid R]
S06.D035,S06,VennDiagrams.S06_PaperSignatures,VennDiagrams/S06_PaperSignatures.lean,880,def,e0GivenU0RealPmf,VennDiagrams.Certification.PaperSignature.PackedRelationExample.e0GivenU0RealPmf,def e0GivenU0RealPmf : Parameter → E0GivenU0Outcome → ℝ
S06.D036,S06,VennDiagrams.S06_PaperSignatures,VennDiagrams/S06_PaperSignatures.lean,886,def,e0GivenV0RealPmf,VennDiagrams.Certification.PaperSignature.PackedRelationExample.e0GivenV0RealPmf,def e0GivenV0RealPmf : Parameter → E0GivenV0Outcome → ℝ
S06.R056,S06,VennDiagrams.S06_PaperSignatures,VennDiagrams/S06_PaperSignatures.lean,892,theorem,e0GivenU0RealPmf_eq_ratCast,VennDiagrams.Certification.PaperSignature.PackedRelationExample.e0GivenU0RealPmf_eq_ratCast,theorem e0GivenU0RealPmf_eq_ratCast (theta : Parameter)
S06.R057,S06,VennDiagrams.S06_PaperSignatures,VennDiagrams/S06_PaperSignatures.lean,900,theorem,e0GivenV0RealPmf_eq_ratCast,VennDiagrams.Certification.PaperSignature.PackedRelationExample.e0GivenV0RealPmf_eq_ratCast,theorem e0GivenV0RealPmf_eq_ratCast (theta : Parameter)
S06.D037,S06,VennDiagrams.S06_PaperSignatures,VennDiagrams/S06_PaperSignatures.lean,908,def,e0GivenU0FiniteModel,VennDiagrams.Certification.PaperSignature.PackedRelationExample.e0GivenU0FiniteModel,def e0GivenU0FiniteModel : FiniteModel Parameter E0GivenU0Outcome where
S06.D038,S06,VennDiagrams.S06_PaperSignatures,VennDiagrams/S06_PaperSignatures.lean,917,def,e0GivenV0FiniteModel,VennDiagrams.Certification.PaperSignature.PackedRelationExample.e0GivenV0FiniteModel,def e0GivenV0FiniteModel : FiniteModel Parameter E0GivenV0Outcome where
S06.D039,S06,VennDiagrams.S06_PaperSignatures,VennDiagrams/S06_PaperSignatures.lean,926,def,e0GivenU0OutcomeCode,VennDiagrams.Certification.PaperSignature.PackedRelationExample.e0GivenU0OutcomeCode,def e0GivenU0OutcomeCode : E0GivenU0Outcome → Nat
S06.D040,S06,VennDiagrams.S06_PaperSignatures,VennDiagrams/S06_PaperSignatures.lean,930,def,e0GivenV0OutcomeCode,VennDiagrams.Certification.PaperSignature.PackedRelationExample.e0GivenV0OutcomeCode,def e0GivenV0OutcomeCode : E0GivenV0Outcome → Nat
S06.R058,S06,VennDiagrams.S06_PaperSignatures,VennDiagrams/S06_PaperSignatures.lean,934,theorem,e0GivenU0OutcomeCode_injective,VennDiagrams.Certification.PaperSignature.PackedRelationExample.e0GivenU0OutcomeCode_injective,theorem e0GivenU0OutcomeCode_injective :
S06.R059,S06,VennDiagrams.S06_PaperSignatures,VennDiagrams/S06_PaperSignatures.lean,939,theorem,e0GivenV0OutcomeCode_injective,VennDiagrams.Certification.PaperSignature.PackedRelationExample.e0GivenV0OutcomeCode_injective,theorem e0GivenV0OutcomeCode_injective :
S06.D041,S06,VennDiagrams.S06_PaperSignatures,VennDiagrams/S06_PaperSignatures.lean,944,def,embedE0GivenU0,VennDiagrams.Certification.PaperSignature.PackedRelationExample.embedE0GivenU0,def embedE0GivenU0 : E0GivenU0Outcome → E0Outcome
S06.D042,S06,VennDiagrams.S06_PaperSignatures,VennDiagrams/S06_PaperSignatures.lean,948,def,embedE0GivenV0,VennDiagrams.Certification.PaperSignature.PackedRelationExample.embedE0GivenV0,def embedE0GivenV0 : E0GivenV0Outcome → E0Outcome
S06.R060,S06,VennDiagrams.S06_PaperSignatures,VennDiagrams/S06_PaperSignatures.lean,952,theorem,embedE0GivenU0_injective,VennDiagrams.Certification.PaperSignature.PackedRelationExample.embedE0GivenU0_injective,theorem embedE0GivenU0_injective : Function.Injective embedE0GivenU0 := by
S06.R061,S06,VennDiagrams.S06_PaperSignatures,VennDiagrams/S06_PaperSignatures.lean,956,theorem,embedE0GivenV0_injective,VennDiagrams.Certification.PaperSignature.PackedRelationExample.embedE0GivenV0_injective,theorem embedE0GivenV0_injective : Function.Injective embedE0GivenV0 := by
S06.R062,S06,VennDiagrams.S06_PaperSignatures,VennDiagrams/S06_PaperSignatures.lean,960,theorem,e0FirstCoordinateReal_mass,VennDiagrams.Certification.PaperSignature.PackedRelationExample.e0FirstCoordinateReal_mass,theorem e0FirstCoordinateReal_mass (theta : Parameter) (u : BitValue) :
S06.R063,S06,VennDiagrams.S06_PaperSignatures,VennDiagrams/S06_PaperSignatures.lean,968,theorem,e0SecondCoordinateReal_mass,VennDiagrams.Certification.PaperSignature.PackedRelationExample.e0SecondCoordinateReal_mass,theorem e0SecondCoordinateReal_mass (theta : Parameter) (v : BitValue) :
S06.R064,S06,VennDiagrams.S06_PaperSignatures,VennDiagrams/S06_PaperSignatures.lean,976,theorem,e0FirstCoordinateReal_ancillary,VennDiagrams.Certification.PaperSignature.PackedRelationExample.e0FirstCoordinateReal_ancillary,theorem e0FirstCoordinateReal_ancillary :
S06.R065,S06,VennDiagrams.S06_PaperSignatures,VennDiagrams/S06_PaperSignatures.lean,981,theorem,e0SecondCoordinateReal_ancillary,VennDiagrams.Certification.PaperSignature.PackedRelationExample.e0SecondCoordinateReal_ancillary,theorem e0SecondCoordinateReal_ancillary :
S06.R066,S06,VennDiagrams.S06_PaperSignatures,VennDiagrams/S06_PaperSignatures.lean,986,theorem,firstCoordinate_surjective,VennDiagrams.Certification.PaperSignature.PackedRelationExample.firstCoordinate_surjective,theorem firstCoordinate_surjective : Function.Surjective firstCoordinate := by
S06.R067,S06,VennDiagrams.S06_PaperSignatures,VennDiagrams/S06_PaperSignatures.lean,992,theorem,secondCoordinate_surjective,VennDiagrams.Certification.PaperSignature.PackedRelationExample.secondCoordinate_surjective,theorem secondCoordinate_surjective : Function.Surjective secondCoordinate := by
S06.R068,S06,VennDiagrams.S06_PaperSignatures,VennDiagrams/S06_PaperSignatures.lean,998,theorem,firstCoordinate_observed_fiber,VennDiagrams.Certification.PaperSignature.PackedRelationExample.firstCoordinate_observed_fiber,theorem firstCoordinate_observed_fiber (x : E0Outcome) :
S06.R069,S06,VennDiagrams.S06_PaperSignatures,VennDiagrams/S06_PaperSignatures.lean,1015,theorem,secondCoordinate_observed_fiber,VennDiagrams.Certification.PaperSignature.PackedRelationExample.secondCoordinate_observed_fiber,theorem secondCoordinate_observed_fiber (x : E0Outcome) :
S06.R070,S06,VennDiagrams.S06_PaperSignatures,VennDiagrams/S06_PaperSignatures.lean,1032,theorem,e0_conditions_to_u0_real,VennDiagrams.Certification.PaperSignature.PackedRelationExample.e0_conditions_to_u0_real,theorem e0_conditions_to_u0_real (theta : Parameter)
S06.R071,S06,VennDiagrams.S06_PaperSignatures,VennDiagrams/S06_PaperSignatures.lean,1043,theorem,e0_conditions_to_v0_real,VennDiagrams.Certification.PaperSignature.PackedRelationExample.e0_conditions_to_v0_real,theorem e0_conditions_to_v0_real (theta : Parameter)
S06.D043,S06,VennDiagrams.S06_PaperSignatures,VennDiagrams/S06_PaperSignatures.lean,1054,def,packedE0GivenU0X00,VennDiagrams.Certification.PaperSignature.PackedRelationExample.packedE0GivenU0X00,def packedE0GivenU0X00 : PackedFiniteInferenceBase Parameter where
S06.D044,S06,VennDiagrams.S06_PaperSignatures,VennDiagrams/S06_PaperSignatures.lean,1069,def,packedE0GivenV0X00,VennDiagrams.Certification.PaperSignature.PackedRelationExample.packedE0GivenV0X00,def packedE0GivenV0X00 : PackedFiniteInferenceBase Parameter where
S06.R072,S06,VennDiagrams.S06_PaperSignatures,VennDiagrams/S06_PaperSignatures.lean,1084,theorem,packedE0_conditions_to_u0,VennDiagrams.Certification.PaperSignature.PackedRelationExample.packedE0_conditions_to_u0,theorem packedE0_conditions_to_u0 :
S06.R073,S06,VennDiagrams.S06_PaperSignatures,VennDiagrams/S06_PaperSignatures.lean,1096,theorem,packedE0_conditions_to_v0,VennDiagrams.Certification.PaperSignature.PackedRelationExample.packedE0_conditions_to_v0,theorem packedE0_conditions_to_v0 :
S06.R074,S06,VennDiagrams.S06_PaperSignatures,VennDiagrams/S06_PaperSignatures.lean,1108,theorem,e0GivenU0_ancillary_constant,VennDiagrams.Certification.PaperSignature.PackedRelationExample.e0GivenU0_ancillary_constant,theorem e0GivenU0_ancillary_constant {A₀ : Type} (A : E0GivenU0Outcome → A₀)
S06.R075,S06,VennDiagrams.S06_PaperSignatures,VennDiagrams/S06_PaperSignatures.lean,1124,theorem,e0GivenV0_ancillary_constant,VennDiagrams.Certification.PaperSignature.PackedRelationExample.e0GivenV0_ancillary_constant,theorem e0GivenV0_ancillary_constant {A₀ : Type} (A : E0GivenV0Outcome → A₀)
S06.R076,S06,VennDiagrams.S06_PaperSignatures,VennDiagrams/S06_PaperSignatures.lean,1140,theorem,nontrivial_surjective_not_constant,VennDiagrams.Certification.PaperSignature.PackedRelationExample.nontrivial_surjective_not_constant,theorem nontrivial_surjective_not_constant
S06.R077,S06,VennDiagrams.S06_PaperSignatures,VennDiagrams/S06_PaperSignatures.lean,1150,theorem,no_direction_u0_to_v0,VennDiagrams.Certification.PaperSignature.PackedRelationExample.no_direction_u0_to_v0,theorem no_direction_u0_to_v0 :
S06.R078,S06,VennDiagrams.S06_PaperSignatures,VennDiagrams/S06_PaperSignatures.lean,1165,theorem,no_direction_v0_to_u0,VennDiagrams.Certification.PaperSignature.PackedRelationExample.no_direction_v0_to_u0,theorem no_direction_v0_to_u0 :
S06.R079,S06,VennDiagrams.S06_PaperSignatures,VennDiagrams/S06_PaperSignatures.lean,1180,theorem,packed_e0_conditionality_nontransitivity_witness,VennDiagrams.Certification.PaperSignature.PackedRelationExample.packed_e0_conditionality_nontransitivity_witness,theorem packed_e0_conditionality_nontransitivity_witness :
S06.R080,S06,VennDiagrams.S06_PaperSignatures,VennDiagrams/S06_PaperSignatures.lean,1189,theorem,packedConditionality_not_transitive,VennDiagrams.Certification.PaperSignature.PackedRelationExample.packedConditionality_not_transitive,theorem packedConditionality_not_transitive :
S06.R081,S06,VennDiagrams.S06_PaperSignatures,VennDiagrams/S06_PaperSignatures.lean,1203,theorem,packedFiniteConditionalityRelation_not_transitive,VennDiagrams.Certification.PaperSignature.packedFiniteConditionalityRelation_not_transitive,theorem packedFiniteConditionalityRelation_not_transitive
S06.R082,S06,VennDiagrams.S06_PaperSignatures,VennDiagrams/S06_PaperSignatures.lean,1211,theorem,packed_sufficiency_conditionality_incomparable_twoPoint,VennDiagrams.Certification.PaperSignature.packed_sufficiency_conditionality_incomparable_twoPoint,theorem packed_sufficiency_conditionality_incomparable_twoPoint :
S06.R083,S06,VennDiagrams.S06_PaperSignatures,VennDiagrams/S06_PaperSignatures.lean,1224,theorem,packed_sufficiency_extension_not_le_conditionality,VennDiagrams.Certification.PaperSignature.packed_sufficiency_extension_not_le_conditionality,theorem packed_sufficiency_extension_not_le_conditionality
S06.R084,S06,VennDiagrams.S06_PaperSignatures,VennDiagrams/S06_PaperSignatures.lean,1235,theorem,reduced_stable_sufficiency,VennDiagrams.Certification.PaperSignature.reduced_stable_sufficiency,theorem reduced_stable_sufficiency
S06.R085,S06,VennDiagrams.S06_PaperSignatures,VennDiagrams/S06_PaperSignatures.lean,1243,theorem,reduced_stable_counterexample,VennDiagrams.Certification.PaperSignature.reduced_stable_counterexample,theorem reduced_stable_counterexample :
S06.R086,S06,VennDiagrams.S06_PaperSignatures,VennDiagrams/S06_PaperSignatures.lean,1254,theorem,reduced_stable_not_le_conditionality,VennDiagrams.Certification.PaperSignature.reduced_stable_not_le_conditionality,theorem reduced_stable_not_le_conditionality
S06.D045,S06,VennDiagrams.S06_PaperSignatures,VennDiagrams/S06_PaperSignatures.lean,1266,instance,e5OutcomeNonempty,VennDiagrams.Certification.PaperSignature.PackedPValueExample.e5OutcomeNonempty,instance e5OutcomeNonempty : Nonempty E5Outcome := ⟨.x⟩
S06.D046,S06,VennDiagrams.S06_PaperSignatures,VennDiagrams/S06_PaperSignatures.lean,1267,instance,e6OutcomeNonempty,VennDiagrams.Certification.PaperSignature.PackedPValueExample.e6OutcomeNonempty,instance e6OutcomeNonempty : Nonempty E6Outcome := ⟨.u⟩
S06.D047,S06,VennDiagrams.S06_PaperSignatures,VennDiagrams/S06_PaperSignatures.lean,1269,def,e5OutcomeCode,VennDiagrams.Certification.PaperSignature.PackedPValueExample.e5OutcomeCode,def e5OutcomeCode : E5Outcome → Nat
S06.R087,S06,VennDiagrams.S06_PaperSignatures,VennDiagrams/S06_PaperSignatures.lean,1273,theorem,e5OutcomeCode_injective,VennDiagrams.Certification.PaperSignature.PackedPValueExample.e5OutcomeCode_injective,theorem e5OutcomeCode_injective : Function.Injective e5OutcomeCode := by
S06.D048,S06,VennDiagrams.S06_PaperSignatures,VennDiagrams/S06_PaperSignatures.lean,1277,def,e6OutcomeCode,VennDiagrams.Certification.PaperSignature.PackedPValueExample.e6OutcomeCode,def e6OutcomeCode : E6Outcome → Nat
S06.R088,S06,VennDiagrams.S06_PaperSignatures,VennDiagrams/S06_PaperSignatures.lean,1281,theorem,e6OutcomeCode_injective,VennDiagrams.Certification.PaperSignature.PackedPValueExample.e6OutcomeCode_injective,theorem e6OutcomeCode_injective : Function.Injective e6OutcomeCode := by
S06.D049,S06,VennDiagrams.S06_PaperSignatures,VennDiagrams/S06_PaperSignatures.lean,1286,def,e5RealPmf,VennDiagrams.Certification.PaperSignature.PackedPValueExample.e5RealPmf,def e5RealPmf : Parameter → E5Outcome → ℝ
S06.D050,S06,VennDiagrams.S06_PaperSignatures,VennDiagrams/S06_PaperSignatures.lean,1293,def,e6RealPmf,VennDiagrams.Certification.PaperSignature.PackedPValueExample.e6RealPmf,def e6RealPmf : Parameter → E6Outcome → ℝ
S06.R089,S06,VennDiagrams.S06_PaperSignatures,VennDiagrams/S06_PaperSignatures.lean,1301,theorem,e5RealPmf_eq_ratCast,VennDiagrams.Certification.PaperSignature.PackedPValueExample.e5RealPmf_eq_ratCast,theorem e5RealPmf_eq_ratCast (theta : Parameter) (z : E5Outcome) :
S06.R090,S06,VennDiagrams.S06_PaperSignatures,VennDiagrams/S06_PaperSignatures.lean,1307,theorem,e6RealPmf_eq_ratCast,VennDiagrams.Certification.PaperSignature.PackedPValueExample.e6RealPmf_eq_ratCast,theorem e6RealPmf_eq_ratCast (theta : Parameter) (z : E6Outcome) :
S06.D051,S06,VennDiagrams.S06_PaperSignatures,VennDiagrams/S06_PaperSignatures.lean,1311,def,e5FiniteModel,VennDiagrams.Certification.PaperSignature.PackedPValueExample.e5FiniteModel,def e5FiniteModel : FiniteModel Parameter E5Outcome where
S06.D052,S06,VennDiagrams.S06_PaperSignatures,VennDiagrams/S06_PaperSignatures.lean,1320,def,e6FiniteModel,VennDiagrams.Certification.PaperSignature.PackedPValueExample.e6FiniteModel,def e6FiniteModel : FiniteModel Parameter E6Outcome where
S06.D053,S06,VennDiagrams.S06_PaperSignatures,VennDiagrams/S06_PaperSignatures.lean,1331,def,singletonNullPartition,VennDiagrams.Certification.PaperSignature.PackedPValueExample.singletonNullPartition,def singletonNullPartition : ParameterPartition Parameter where
S06.R091,S06,VennDiagrams.S06_PaperSignatures,VennDiagrams/S06_PaperSignatures.lean,1341,theorem,finiteMaximum_singleton,VennDiagrams.Certification.PaperSignature.PackedPValueExample.finiteMaximum_singleton,theorem finiteMaximum_singleton {A : Type*} [Fintype A]
S06.R092,S06,VennDiagrams.S06_PaperSignatures,VennDiagrams/S06_PaperSignatures.lean,1347,theorem,e5_extendedLikelihoodRatio_x,VennDiagrams.Certification.PaperSignature.PackedPValueExample.e5_extendedLikelihoodRatio_x,theorem e5_extendedLikelihoodRatio_x :
S06.R093,S06,VennDiagrams.S06_PaperSignatures,VennDiagrams/S06_PaperSignatures.lean,1357,theorem,e5_extendedLikelihoodRatio_y,VennDiagrams.Certification.PaperSignature.PackedPValueExample.e5_extendedLikelihoodRatio_y,theorem e5_extendedLikelihoodRatio_y :
S06.R094,S06,VennDiagrams.S06_PaperSignatures,VennDiagrams/S06_PaperSignatures.lean,1367,theorem,e6_extendedLikelihoodRatio_u,VennDiagrams.Certification.PaperSignature.PackedPValueExample.e6_extendedLikelihoodRatio_u,theorem e6_extendedLikelihoodRatio_u :
S06.R095,S06,VennDiagrams.S06_PaperSignatures,VennDiagrams/S06_PaperSignatures.lean,1377,theorem,e6_extendedLikelihoodRatio_v,VennDiagrams.Certification.PaperSignature.PackedPValueExample.e6_extendedLikelihoodRatio_v,theorem e6_extendedLikelihoodRatio_v :
S06.R096,S06,VennDiagrams.S06_PaperSignatures,VennDiagrams/S06_PaperSignatures.lean,1387,theorem,e5_lowerTailRegion_x,VennDiagrams.Certification.PaperSignature.PackedPValueExample.e5_lowerTailRegion_x,theorem e5_lowerTailRegion_x :
S06.R097,S06,VennDiagrams.S06_PaperSignatures,VennDiagrams/S06_PaperSignatures.lean,1397,theorem,e6_lowerTailRegion_u,VennDiagrams.Certification.PaperSignature.PackedPValueExample.e6_lowerTailRegion_u,theorem e6_lowerTailRegion_u :
S06.R098,S06,VennDiagrams.S06_PaperSignatures,VennDiagrams/S06_PaperSignatures.lean,1407,theorem,e5_lowerTailLRPValue_x,VennDiagrams.Certification.PaperSignature.PackedPValueExample.e5_lowerTailLRPValue_x,theorem e5_lowerTailLRPValue_x :
S06.R099,S06,VennDiagrams.S06_PaperSignatures,VennDiagrams/S06_PaperSignatures.lean,1418,theorem,e6_lowerTailLRPValue_u,VennDiagrams.Certification.PaperSignature.PackedPValueExample.e6_lowerTailLRPValue_u,theorem e6_lowerTailLRPValue_u :
S06.D054,S06,VennDiagrams.S06_PaperSignatures,VennDiagrams/S06_PaperSignatures.lean,1430,def,packedE5X,VennDiagrams.Certification.PaperSignature.PackedPValueExample.packedE5X,def packedE5X : PackedFiniteInferenceBase Parameter where
S06.D055,S06,VennDiagrams.S06_PaperSignatures,VennDiagrams/S06_PaperSignatures.lean,1445,def,packedE6U,VennDiagrams.Certification.PaperSignature.PackedPValueExample.packedE6U,def packedE6U : PackedFiniteInferenceBase Parameter where
S06.R100,S06,VennDiagrams.S06_PaperSignatures,VennDiagrams/S06_PaperSignatures.lean,1459,theorem,packedE5X_pValue,VennDiagrams.Certification.PaperSignature.PackedPValueExample.packedE5X_pValue,theorem packedE5X_pValue :
S06.R101,S06,VennDiagrams.S06_PaperSignatures,VennDiagrams/S06_PaperSignatures.lean,1463,theorem,packedE6U_pValue,VennDiagrams.Certification.PaperSignature.PackedPValueExample.packedE6U_pValue,theorem packedE6U_pValue :
S06.R102,S06,VennDiagrams.S06_PaperSignatures,VennDiagrams/S06_PaperSignatures.lean,1469,theorem,packedE5X_packedE6U_likelihood_related,VennDiagrams.Certification.PaperSignature.PackedPValueExample.packedE5X_packedE6U_likelihood_related,theorem packedE5X_packedE6U_likelihood_related :
S06.R103,S06,VennDiagrams.S06_PaperSignatures,VennDiagrams/S06_PaperSignatures.lean,1478,theorem,e5_likelihood_class_singleton,VennDiagrams.Certification.PaperSignature.PackedPValueExample.e5_likelihood_class_singleton,theorem e5_likelihood_class_singleton (z w : E5Outcome) :
S06.R104,S06,VennDiagrams.S06_PaperSignatures,VennDiagrams/S06_PaperSignatures.lean,1488,theorem,e6_likelihood_class_singleton,VennDiagrams.Certification.PaperSignature.PackedPValueExample.e6_likelihood_class_singleton,theorem e6_likelihood_class_singleton (z w : E6Outcome) :
S06.R105,S06,VennDiagrams.S06_PaperSignatures,VennDiagrams/S06_PaperSignatures.lean,1500,theorem,e5_ancillary_constant,VennDiagrams.Certification.PaperSignature.PackedPValueExample.e5_ancillary_constant,theorem e5_ancillary_constant {A₀ : Type} (A : E5Outcome → A₀)
S06.R106,S06,VennDiagrams.S06_PaperSignatures,VennDiagrams/S06_PaperSignatures.lean,1515,theorem,e6_ancillary_constant,VennDiagrams.Certification.PaperSignature.PackedPValueExample.e6_ancillary_constant,theorem e6_ancillary_constant {A₀ : Type} (A : E6Outcome → A₀)
S06.R107,S06,VennDiagrams.S06_PaperSignatures,VennDiagrams/S06_PaperSignatures.lean,1531,theorem,e5_not_directional_to_e6,VennDiagrams.Certification.PaperSignature.PackedPValueExample.e5_not_directional_to_e6,theorem e5_not_directional_to_e6 :
S06.R108,S06,VennDiagrams.S06_PaperSignatures,VennDiagrams/S06_PaperSignatures.lean,1549,theorem,e6_not_directional_to_e5,VennDiagrams.Certification.PaperSignature.PackedPValueExample.e6_not_directional_to_e5,theorem e6_not_directional_to_e5 :
S06.R109,S06,VennDiagrams.S06_PaperSignatures,VennDiagrams/S06_PaperSignatures.lean,1570,theorem,packedE5X_packedE6U_not_conditionality,VennDiagrams.Certification.PaperSignature.PackedPValueExample.packedE5X_packedE6U_not_conditionality,theorem packedE5X_packedE6U_not_conditionality :
S06.R110,S06,VennDiagrams.S06_PaperSignatures,VennDiagrams/S06_PaperSignatures.lean,1577,theorem,packedE5X_packedE6U_not_sufficiency,VennDiagrams.Certification.PaperSignature.PackedPValueExample.packedE5X_packedE6U_not_sufficiency,theorem packedE5X_packedE6U_not_sufficiency :
S06.R111,S06,VennDiagrams.S06_PaperSignatures,VennDiagrams/S06_PaperSignatures.lean,1611,theorem,packedE5X_packedE6U_joint_strict_witness,VennDiagrams.Certification.PaperSignature.PackedPValueExample.packedE5X_packedE6U_joint_strict_witness,theorem packedE5X_packedE6U_joint_strict_witness :
S06.R112,S06,VennDiagrams.S06_PaperSignatures,VennDiagrams/S06_PaperSignatures.lean,1619,theorem,packedLowerTailLRPValueProcedure_not_preserves_likelihood,VennDiagrams.Certification.PaperSignature.PackedPValueExample.packedLowerTailLRPValueProcedure_not_preserves_likelihood,theorem packedLowerTailLRPValueProcedure_not_preserves_likelihood :
S06.R113,S06,VennDiagrams.S06_PaperSignatures,VennDiagrams/S06_PaperSignatures.lean,1633,theorem,packedLowerTailLRPValueProcedure_in_sufficiency_not_likelihood,VennDiagrams.Certification.PaperSignature.PackedPValueExample.packedLowerTailLRPValueProcedure_in_sufficiency_not_likelihood,theorem packedLowerTailLRPValueProcedure_in_sufficiency_not_likelihood :
S06.D056,S06,VennDiagrams.S06_PaperSignatures,VennDiagrams/S06_PaperSignatures.lean,1656,def,reparameterizeModel,VennDiagrams.Certification.PaperSignature.FiniteParameterTransfer.reparameterizeModel,def reparameterizeModel {X : Type v} [Fintype X] [Nonempty X]
S06.R114,S06,VennDiagrams.S06_PaperSignatures,VennDiagrams/S06_PaperSignatures.lean,1662,theorem,sufficient_iff,VennDiagrams.Certification.PaperSignature.FiniteParameterTransfer.sufficient_iff,theorem sufficient_iff {X : Type v} {Y : Type z} [Fintype X] [Nonempty X]
S06.R115,S06,VennDiagrams.S06_PaperSignatures,VennDiagrams/S06_PaperSignatures.lean,1675,theorem,minimalSufficient_iff,VennDiagrams.Certification.PaperSignature.FiniteParameterTransfer.minimalSufficient_iff,theorem minimalSufficient_iff {X : Type v} {Y : Type z}
S06.D057,S06,VennDiagrams.S06_PaperSignatures,VennDiagrams/S06_PaperSignatures.lean,1691,def,reparameterize,VennDiagrams.Certification.PaperSignature.FiniteParameterTransfer.reparameterize,def reparameterize (f : Beta → Alpha) (hf : Function.Surjective f)
S06.D058,S06,VennDiagrams.S06_PaperSignatures,VennDiagrams/S06_PaperSignatures.lean,1711,def,statisticForward,VennDiagrams.Certification.PaperSignature.FiniteParameterTransfer.statisticForward,def statisticForward (f : Beta → Alpha) (hf : Function.Surjective f)
S06.D059,S06,VennDiagrams.S06_PaperSignatures,VennDiagrams/S06_PaperSignatures.lean,1720,def,statisticBackward,VennDiagrams.Certification.PaperSignature.FiniteParameterTransfer.statisticBackward,def statisticBackward (f : Beta → Alpha) (hf : Function.Surjective f)
S06.R116,S06,VennDiagrams.S06_PaperSignatures,VennDiagrams/S06_PaperSignatures.lean,1729,theorem,sufficiency_iff,VennDiagrams.Certification.PaperSignature.FiniteParameterTransfer.sufficiency_iff,theorem sufficiency_iff (f : Beta → Alpha) (hf : Function.Surjective f)
S06.R117,S06,VennDiagrams.S06_PaperSignatures,VennDiagrams/S06_PaperSignatures.lean,1751,theorem,conditionality_iff,VennDiagrams.Certification.PaperSignature.FiniteParameterTransfer.conditionality_iff,theorem conditionality_iff (f : Beta → Alpha) (hf : Function.Surjective f)
S06.R118,S06,VennDiagrams.S06_PaperSignatures,VennDiagrams/S06_PaperSignatures.lean,1796,theorem,likelihood_iff,VennDiagrams.Certification.PaperSignature.FiniteParameterTransfer.likelihood_iff,theorem likelihood_iff (f : Beta → Alpha) (hf : Function.Surjective f)
S06.R119,S06,VennDiagrams.S06_PaperSignatures,VennDiagrams/S06_PaperSignatures.lean,1811,theorem,exists_surjection_parameter,VennDiagrams.Certification.PaperSignature.FiniteParameterTransfer.exists_surjection_parameter,theorem exists_surjection_parameter (Theta : Type u) [Nontrivial Theta] :
S06.R120,S06,VennDiagrams.S06_PaperSignatures,VennDiagrams/S06_PaperSignatures.lean,1821,theorem,sufficiency_not_conditionality_witness,VennDiagrams.Certification.PaperSignature.FiniteParameterTransfer.sufficiency_not_conditionality_witness,theorem sufficiency_not_conditionality_witness
S06.R121,S06,VennDiagrams.S06_PaperSignatures,VennDiagrams/S06_PaperSignatures.lean,1832,theorem,conditionality_not_sufficiency_witness,VennDiagrams.Certification.PaperSignature.FiniteParameterTransfer.conditionality_not_sufficiency_witness,theorem conditionality_not_sufficiency_witness
S06.R122,S06,VennDiagrams.S06_PaperSignatures,VennDiagrams/S06_PaperSignatures.lean,1843,theorem,joint_strict_witness,VennDiagrams.Certification.PaperSignature.FiniteParameterTransfer.joint_strict_witness,theorem joint_strict_witness
S06.R123,S06,VennDiagrams.S06_PaperSignatures,VennDiagrams/S06_PaperSignatures.lean,1858,theorem,conditionality_nontransitivity_witness,VennDiagrams.Certification.PaperSignature.FiniteParameterTransfer.conditionality_nontransitivity_witness,theorem conditionality_nontransitivity_witness
S06.D060,S06,VennDiagrams.S06_PaperSignatures,VennDiagrams/S06_PaperSignatures.lean,1882,def,liftModel,VennDiagrams.Certification.PaperSignature.SampleUniverseLift.liftModel,noncomputable def liftModel {X : Type} [Fintype X] [Nonempty X]
S06.D061,S06,VennDiagrams.S06_PaperSignatures,VennDiagrams/S06_PaperSignatures.lean,1892,abbrev,lift,VennDiagrams.Certification.PaperSignature.SampleUniverseLift.lift,"noncomputable abbrev lift (I : PackedFiniteInferenceBase.{u, 0} Theta) :"
S06.R124,S06,VennDiagrams.S06_PaperSignatures,VennDiagrams/S06_PaperSignatures.lean,1910,theorem,induced_liftModel,VennDiagrams.Certification.PaperSignature.SampleUniverseLift.induced_liftModel,theorem induced_liftModel {X : Type} {Y : Type w}
S06.R125,S06,VennDiagrams.S06_PaperSignatures,VennDiagrams/S06_PaperSignatures.lean,1920,theorem,induced_lifted_statistic,VennDiagrams.Certification.PaperSignature.SampleUniverseLift.induced_lifted_statistic,theorem induced_lifted_statistic {X A : Type}
S06.R126,S06,VennDiagrams.S06_PaperSignatures,VennDiagrams/S06_PaperSignatures.lean,1929,theorem,likelihood,VennDiagrams.Certification.PaperSignature.SampleUniverseLift.likelihood,"theorem likelihood (I J : PackedFiniteInferenceBase.{u, 0} Theta)"
S06.R127,S06,VennDiagrams.S06_PaperSignatures,VennDiagrams/S06_PaperSignatures.lean,1933,theorem,conditionality,VennDiagrams.Certification.PaperSignature.SampleUniverseLift.conditionality,"theorem conditionality (I J : PackedFiniteInferenceBase.{u, 0} Theta)"
S06.R128,S06,VennDiagrams.S06_PaperSignatures,VennDiagrams/S06_PaperSignatures.lean,1993,theorem,pB_not_sufficiency,VennDiagrams.Certification.PaperSignature.SampleUniverseLift.pB_not_sufficiency,theorem pB_not_sufficiency :
S06.R129,S06,VennDiagrams.S06_PaperSignatures,VennDiagrams/S06_PaperSignatures.lean,2038,theorem,e5_ancillary_constant_general,VennDiagrams.Certification.PaperSignature.SampleUniverseLift.e5_ancillary_constant_general,theorem e5_ancillary_constant_general {A₀ : Type v} (A : E5Outcome → A₀)
S06.R130,S06,VennDiagrams.S06_PaperSignatures,VennDiagrams/S06_PaperSignatures.lean,2053,theorem,e6_ancillary_constant_general,VennDiagrams.Certification.PaperSignature.SampleUniverseLift.e6_ancillary_constant_general,theorem e6_ancillary_constant_general {A₀ : Type v} (A : E6Outcome → A₀)
S06.R131,S06,VennDiagrams.S06_PaperSignatures,VennDiagrams/S06_PaperSignatures.lean,2069,theorem,joint_not_conditionality,VennDiagrams.Certification.PaperSignature.SampleUniverseLift.joint_not_conditionality,theorem joint_not_conditionality :
S06.R132,S06,VennDiagrams.S06_PaperSignatures,VennDiagrams/S06_PaperSignatures.lean,2129,theorem,joint_not_sufficiency,VennDiagrams.Certification.PaperSignature.SampleUniverseLift.joint_not_sufficiency,theorem joint_not_sufficiency :
S06.R133,S06,VennDiagrams.S06_PaperSignatures,VennDiagrams/S06_PaperSignatures.lean,2178,theorem,joint_strict_witness,VennDiagrams.Certification.PaperSignature.SampleUniverseLift.joint_strict_witness,theorem joint_strict_witness (Theta : Type u) [Fintype Theta] [Nontrivial Theta] :
S06.R134,S06,VennDiagrams.S06_PaperSignatures,VennDiagrams/S06_PaperSignatures.lean,2192,theorem,conditionality_not_sufficiency_witness,VennDiagrams.Certification.PaperSignature.SampleUniverseLift.conditionality_not_sufficiency_witness,theorem conditionality_not_sufficiency_witness
S06.D062,S06,VennDiagrams.S06_PaperSignatures,VennDiagrams/S06_PaperSignatures.lean,2213,def,partitionMap,VennDiagrams.Certification.PaperSignature.FinitePValueTransfer.partitionMap,noncomputable def partitionMap (P : ParameterPartition Theta) : Theta → Parameter := by
S06.R135,S06,VennDiagrams.S06_PaperSignatures,VennDiagrams/S06_PaperSignatures.lean,2218,theorem,partitionMap_null,VennDiagrams.Certification.PaperSignature.FinitePValueTransfer.partitionMap_null,theorem partitionMap_null (P : ParameterPartition Theta) {theta : Theta}
S06.R136,S06,VennDiagrams.S06_PaperSignatures,VennDiagrams/S06_PaperSignatures.lean,2224,theorem,partitionMap_alternative,VennDiagrams.Certification.PaperSignature.FinitePValueTransfer.partitionMap_alternative,theorem partitionMap_alternative (P : ParameterPartition Theta) {theta : Theta}
S06.R137,S06,VennDiagrams.S06_PaperSignatures,VennDiagrams/S06_PaperSignatures.lean,2231,theorem,partitionMap_surjective,VennDiagrams.Certification.PaperSignature.FinitePValueTransfer.partitionMap_surjective,theorem partitionMap_surjective (P : ParameterPartition Theta) :
S06.R138,S06,VennDiagrams.S06_PaperSignatures,VennDiagrams/S06_PaperSignatures.lean,2240,theorem,finiteMaximum_of_constant_on,VennDiagrams.Certification.PaperSignature.FinitePValueTransfer.finiteMaximum_of_constant_on,theorem finiteMaximum_of_constant_on {A : Type w} [Fintype A]
S06.R139,S06,VennDiagrams.S06_PaperSignatures,VennDiagrams/S06_PaperSignatures.lean,2249,theorem,max_null,VennDiagrams.Certification.PaperSignature.FinitePValueTransfer.max_null,theorem max_null {X : Type v} [Fintype X] [Nonempty X]
S06.R140,S06,VennDiagrams.S06_PaperSignatures,VennDiagrams/S06_PaperSignatures.lean,2258,theorem,max_alternative,VennDiagrams.Certification.PaperSignature.FinitePValueTransfer.max_alternative,theorem max_alternative {X : Type v} [Fintype X] [Nonempty X]
S06.R141,S06,VennDiagrams.S06_PaperSignatures,VennDiagrams/S06_PaperSignatures.lean,2267,theorem,likelihoodRatio_reparameterize,VennDiagrams.Certification.PaperSignature.FinitePValueTransfer.likelihoodRatio_reparameterize,theorem likelihoodRatio_reparameterize {X : Type v} [Fintype X] [Nonempty X]
S06.R142,S06,VennDiagrams.S06_PaperSignatures,VennDiagrams/S06_PaperSignatures.lean,2275,theorem,lowerTailRegion_reparameterize,VennDiagrams.Certification.PaperSignature.FinitePValueTransfer.lowerTailRegion_reparameterize,theorem lowerTailRegion_reparameterize {X : Type v} [Fintype X] [Nonempty X]
S06.R143,S06,VennDiagrams.S06_PaperSignatures,VennDiagrams/S06_PaperSignatures.lean,2282,theorem,lowerTailProbability_reparameterize,VennDiagrams.Certification.PaperSignature.FinitePValueTransfer.lowerTailProbability_reparameterize,theorem lowerTailProbability_reparameterize {X : Type v} [Fintype X] [Nonempty X]
S06.R144,S06,VennDiagrams.S06_PaperSignatures,VennDiagrams/S06_PaperSignatures.lean,2291,theorem,pvalue_reparameterize,VennDiagrams.Certification.PaperSignature.FinitePValueTransfer.pvalue_reparameterize,theorem pvalue_reparameterize {X : Type v} [Fintype X] [Nonempty X]
S06.R145,S06,VennDiagrams.S06_PaperSignatures,VennDiagrams/S06_PaperSignatures.lean,2304,theorem,pvalue_lift_model,VennDiagrams.Certification.PaperSignature.FinitePValueTransfer.pvalue_lift_model,theorem pvalue_lift_model {X : Type} [Fintype X] [Nonempty X]
S06.D063,S06,VennDiagrams.S06_PaperSignatures,VennDiagrams/S06_PaperSignatures.lean,2318,def,e5Base,VennDiagrams.Certification.PaperSignature.FinitePValueTransfer.e5Base,noncomputable def e5Base (P : ParameterPartition Theta) :
S06.D064,S06,VennDiagrams.S06_PaperSignatures,VennDiagrams/S06_PaperSignatures.lean,2323,def,e6Base,VennDiagrams.Certification.PaperSignature.FinitePValueTransfer.e6Base,noncomputable def e6Base (P : ParameterPartition Theta) :
S06.R146,S06,VennDiagrams.S06_PaperSignatures,VennDiagrams/S06_PaperSignatures.lean,2328,theorem,e5_pvalue,VennDiagrams.Certification.PaperSignature.FinitePValueTransfer.e5_pvalue,theorem e5_pvalue (P : ParameterPartition Theta) :
S06.R147,S06,VennDiagrams.S06_PaperSignatures,VennDiagrams/S06_PaperSignatures.lean,2335,theorem,e6_pvalue,VennDiagrams.Certification.PaperSignature.FinitePValueTransfer.e6_pvalue,theorem e6_pvalue (P : ParameterPartition Theta) :
S06.R148,S06,VennDiagrams.S06_PaperSignatures,VennDiagrams/S06_PaperSignatures.lean,2342,theorem,likelihood_related,VennDiagrams.Certification.PaperSignature.FinitePValueTransfer.likelihood_related,theorem likelihood_related (P : ParameterPartition Theta) :
S06.R149,S06,VennDiagrams.S06_PaperSignatures,VennDiagrams/S06_PaperSignatures.lean,2347,theorem,not_preserves_likelihood,VennDiagrams.Certification.PaperSignature.FinitePValueTransfer.not_preserves_likelihood,theorem not_preserves_likelihood (P : ParameterPartition Theta) :
S06.R150,S06,VennDiagrams.S06_PaperSignatures,VennDiagrams/S06_PaperSignatures.lean,2359,theorem,procedure_in_sufficiency_not_likelihood,VennDiagrams.Certification.PaperSignature.FinitePValueTransfer.procedure_in_sufficiency_not_likelihood,theorem procedure_in_sufficiency_not_likelihood (P : ParameterPartition Theta) :
S06.R151,S06,VennDiagrams.S06_PaperSignatures,VennDiagrams/S06_PaperSignatures.lean,2372,theorem,finite_lr_pvalue_separation,VennDiagrams.Certification.PaperSignature.finite_lr_pvalue_separation,theorem finite_lr_pvalue_separation
S06.R152,S06,VennDiagrams.S06_PaperSignatures,VennDiagrams/S06_PaperSignatures.lean,2390,theorem,packed_sufficiency_conditionality_incomparable,VennDiagrams.Certification.PaperSignature.packed_sufficiency_conditionality_incomparable,theorem packed_sufficiency_conditionality_incomparable
S06.R153,S06,VennDiagrams.S06_PaperSignatures,VennDiagrams/S06_PaperSignatures.lean,2402,theorem,evans2013_theorem7_packed,VennDiagrams.Certification.PaperSignature.evans2013_theorem7_packed,theorem evans2013_theorem7_packed
S06.R154,S06,VennDiagrams.S06_PaperSignatures,VennDiagrams/S06_PaperSignatures.lean,2422,theorem,evans2013_theorem9_packed,VennDiagrams.Certification.PaperSignature.evans2013_theorem9_packed,theorem evans2013_theorem9_packed
S06.R155,S06,VennDiagrams.S06_PaperSignatures,VennDiagrams/S06_PaperSignatures.lean,2442,theorem,packedFiniteSufficiencyRelation_lt_likelihoodRelation,VennDiagrams.Certification.PaperSignature.packedFiniteSufficiencyRelation_lt_likelihoodRelation,theorem packedFiniteSufficiencyRelation_lt_likelihoodRelation
S06.R156,S06,VennDiagrams.S06_PaperSignatures,VennDiagrams/S06_PaperSignatures.lean,2453,theorem,packed_evans2013_premises,VennDiagrams.Certification.PaperSignature.packed_evans2013_premises,theorem packed_evans2013_premises
S06.R157,S06,VennDiagrams.S06_PaperSignatures,VennDiagrams/S06_PaperSignatures.lean,2468,theorem,procedure_eq_empty_of_isEmpty_output,VennDiagrams.Certification.PaperSignature.procedure_eq_empty_of_isEmpty_output,theorem procedure_eq_empty_of_isEmpty_output
S06.R158,S06,VennDiagrams.S06_PaperSignatures,VennDiagrams/S06_PaperSignatures.lean,2474,theorem,preservingClass_eq_of_isEmpty_output,VennDiagrams.Certification.PaperSignature.preservingClass_eq_of_isEmpty_output,theorem preservingClass_eq_of_isEmpty_output
S06.R159,S06,VennDiagrams.S06_PaperSignatures,VennDiagrams/S06_PaperSignatures.lean,2486,theorem,packed_procedure_class_strict_iff,VennDiagrams.Certification.PaperSignature.packed_procedure_class_strict_iff,theorem packed_procedure_class_strict_iff
S06.R160,S06,VennDiagrams.S06_PaperSignatures,VennDiagrams/S06_PaperSignatures.lean,2515,theorem,theorem_BT1_procedure_classes,VennDiagrams.Certification.PaperSignature.theorem_BT1_procedure_classes,theorem theorem_BT1_procedure_classes
S06.R161,S06,VennDiagrams.S06_PaperSignatures,VennDiagrams/S06_PaperSignatures.lean,2548,theorem,singleton_parameter_procedure_classes,VennDiagrams.Certification.PaperSignature.singleton_parameter_procedure_classes,theorem singleton_parameter_procedure_classes
S06.R162,S06,VennDiagrams.S06_PaperSignatures,VennDiagrams/S06_PaperSignatures.lean,2571,theorem,corollary_BT2_conditional_pairs,VennDiagrams.Certification.PaperSignature.corollary_BT2_conditional_pairs,theorem corollary_BT2_conditional_pairs
S06.R163,S06,VennDiagrams.S06_PaperSignatures,VennDiagrams/S06_PaperSignatures.lean,2589,theorem,corollary_BT3_joint_pairs,VennDiagrams.Certification.PaperSignature.corollary_BT3_joint_pairs,theorem corollary_BT3_joint_pairs
S06.R164,S06,VennDiagrams.S06_PaperSignatures,VennDiagrams/S06_PaperSignatures.lean,2609,theorem,packed_evans2013_joint_strict_premise,VennDiagrams.Certification.PaperSignature.packed_evans2013_joint_strict_premise,theorem packed_evans2013_joint_strict_premise
S06.R165,S06,VennDiagrams.S06_PaperSignatures,VennDiagrams/S06_PaperSignatures.lean,2620,theorem,packed_e5_e6_lr_pvalue_separation,VennDiagrams.Certification.PaperSignature.packed_e5_e6_lr_pvalue_separation,theorem packed_e5_e6_lr_pvalue_separation
S06.R166,S06,VennDiagrams.S06_PaperSignatures,VennDiagrams/S06_PaperSignatures.lean,2642,theorem,finite_sufficiency_and_lr_certificate,VennDiagrams.Certification.PaperSignature.finite_sufficiency_and_lr_certificate,theorem finite_sufficiency_and_lr_certificate
S06.R167,S06,VennDiagrams.S06_PaperSignatures,VennDiagrams/S06_PaperSignatures.lean,2674,theorem,concrete_sufficiency_conditionality_incomparable,VennDiagrams.Certification.PaperSignature.concrete_sufficiency_conditionality_incomparable,theorem concrete_sufficiency_conditionality_incomparable :
S06.R168,S06,VennDiagrams.S06_PaperSignatures,VennDiagrams/S06_PaperSignatures.lean,2678,theorem,finite_examples_exact_certificate,VennDiagrams.Certification.PaperSignature.finite_examples_exact_certificate,theorem finite_examples_exact_certificate : Finite.ExactCertificate := by
S06.R169,S06,VennDiagrams.S06_PaperSignatures,VennDiagrams/S06_PaperSignatures.lean,2702,theorem,procedure_examples_certificate,VennDiagrams.Certification.PaperSignature.procedure_examples_certificate,theorem procedure_examples_certificate
S06.R170,S06,VennDiagrams.S06_PaperSignatures,VennDiagrams/S06_PaperSignatures.lean,2739,theorem,evans2013_lemma1,VennDiagrams.Certification.PaperSignature.evans2013_lemma1,theorem evans2013_lemma1 {ι : Type u} (R : StatisticalRelation ι) :
S06.R171,S06,VennDiagrams.S06_PaperSignatures,VennDiagrams/S06_PaperSignatures.lean,2745,theorem,evans2013_lemma2,VennDiagrams.Certification.PaperSignature.evans2013_lemma2,theorem evans2013_lemma2 {ι : Type u} (R₁ R₂ : StatisticalRelation ι) :
S06.R172,S06,VennDiagrams.S06_PaperSignatures,VennDiagrams/S06_PaperSignatures.lean,2769,theorem,evans2013_lemma3_packed,VennDiagrams.Certification.PaperSignature.evans2013_lemma3_packed,theorem evans2013_lemma3_packed
S06.R173,S06,VennDiagrams.S06_PaperSignatures,VennDiagrams/S06_PaperSignatures.lean,2776,theorem,evans2013_lemma4_packed,VennDiagrams.Certification.PaperSignature.evans2013_lemma4_packed,theorem evans2013_lemma4_packed
S06.R174,S06,VennDiagrams.S06_PaperSignatures,VennDiagrams/S06_PaperSignatures.lean,2789,theorem,evans2013_lemma5_packed,VennDiagrams.Certification.PaperSignature.evans2013_lemma5_packed,theorem evans2013_lemma5_packed
S06.R175,S06,VennDiagrams.S06_PaperSignatures,VennDiagrams/S06_PaperSignatures.lean,2799,theorem,evans2013_lemma6_packed,VennDiagrams.Certification.PaperSignature.evans2013_lemma6_packed,theorem evans2013_lemma6_packed
S06.R176,S06,VennDiagrams.S06_PaperSignatures,VennDiagrams/S06_PaperSignatures.lean,2813,theorem,evans2013_theorem8_packed,VennDiagrams.Certification.PaperSignature.evans2013_theorem8_packed,theorem evans2013_theorem8_packed
S06.R177,S06,VennDiagrams.S06_PaperSignatures,VennDiagrams/S06_PaperSignatures.lean,2830,theorem,evans2013_corollary10_packed,VennDiagrams.Certification.PaperSignature.evans2013_corollary10_packed,theorem evans2013_corollary10_packed
S06.R178,S06,VennDiagrams.S06_PaperSignatures,VennDiagrams/S06_PaperSignatures.lean,2849,theorem,evans2013_four_step_chain_packed,VennDiagrams.Certification.PaperSignature.evans2013_four_step_chain_packed,theorem evans2013_four_step_chain_packed
S06.R179,S06,VennDiagrams.S06_PaperSignatures,VennDiagrams/S06_PaperSignatures.lean,2893,theorem,evans2013_full_certificate_packed,VennDiagrams.Certification.PaperSignature.evans2013_full_certificate_packed,theorem evans2013_full_certificate_packed
